herb_id,engName,chiName,effect,taste,quality,shape
0001,BB,馬勃,局部止血藥，清肺，利咽，解熱等。,辛，平。,以個大、皮薄、飽滿、鬆泡有彈性者為佳。,紫色馬勃：呈陀螺形，或已壓扁呈扁圓形，直徑5~12cm，不孕基部發達；包被薄，2層，紫褐色，粗皺，有圓形凹陷，外翻，上部常裂成小塊或已部分脫落；孢體紫色。
0002,Ginseng Root,人參,大補元氣，複脈固脫，補脾益肺，生津止渴，安神益智。用於體虛欲脫，肢冷脈微，脾虛食少，肺虛喘咳，津傷口渴，內熱消渴，久病虛贏，驚悸失眠，陽痿宮冷；心力衰竭，心原性休克。,平、味甘、微苦，微溫。,以條粗、質硬、皮細、無破痕者為佳。,生曬參片：為圓形或類圓形薄片，表面灰白色，顯菊花紋，粉性，體輕，質脆。有特異香氣。
0003,Tall Gastrodiae,天麻,息風止痙，平肝潛陽，祛風通絡。,氣微，性平，味甘，微辛。,藥材以質地堅實，體重，有鸚哥嘴，無空心者為佳。飲片以體實澤亮半透明者為佳。,塊莖呈橢圓形或長條形，略扁，皺縮而稍彎曲。長3~15cm，寬1.5~6cm，厚0.5~2cm。表面黃白色至淡黃棕色，略透明，多不規則縱皺紋，有縱皺紋及由潛伏芽排列成的多輪橫環紋，有時可見棕褐色菌索，具點狀痕點或膜質鱗葉有時可見棕黑色菌索。冬至以後莖枯時採挖者稱“冬麻”，頂端為紅棕色至深棕色頂芽；立夏以前植株出芽時採挖者稱“春麻”，頂端有殘留莖基。末端均有自母體麻脫落後的圓臍狀疤痕。質堅實，不易折斷，斷面較平坦，角質樣，黃白色或淡棕色。
0004,Coastal Glehnia Root,北沙參,養陰清肺，益胃生津。用於肺熱燥咳、勞嗽痰血、熱病津傷口渴。,甘，微苦，微寒。,以枝條細長、圓柱形、均勻、質堅、外皮色白者為佳。,長圓柱形，偶有分枝。表面淡黃白色，偶有外皮殘存，全體有細縱皺紋及縱溝，並有棕黃色點狀細根痕。頂端常留有棕黃色根莖殘基，上端稍細，中部略粗，下部漸細。質脆，易折斷，斷面皮部淺黃白色，木部黃色。氣特異，味微甘。
0005,Common Turmeric Rhizome,薑黃,破血行氣，通經止痛。用於胸脅剌痛，閉經，症瘕，風濕肩臂疼痛，跌撲腫痛。,辛，苦，溫。,以堅實、斷面金黃色、氣香濃者為佳。,呈不規則卵圓形、圓柱形或紡錘形，常彎曲，有的具短叉狀分枝，長2~5cm，直徑1~3cm。表面深黃色，粗糙，有皺縮紋理和明顯環節，並有圓形分枝痕及鬚根痕。質堅實，不易折斷，斷面棕黃色至金黃色，角質樣，有蠟樣光澤，內皮層環紋明顯，維管束呈點狀散在。氣香特異，味苦、辛。
0006,Tangute Rhubarb,大黃,攻積滯；清濕熱；瀉火；涼血；祛瘀；解毒。主治實熱便秘；熱結胸痞；濕熱瀉痢；黃疸；淋病；水腫腹滿；小便不利；目赤；咽喉腫痛；口舌生瘡；胃熱嘔吐；吐血；咯血；衄血；便血；尿血；蓄血；經閉；產後瘀滯腹痛；症瘕積聚；跌打損傷；熱毒癰瘍；丹毒；燙傷。,味苦，性寒。,以堅實、氣清香味苦而微澀者為佳。,本品呈類圓柱形、圓錐形、卵圓形或不規則塊狀，長3~17cm，直徑3~10cm。除盡外皮者表面黃棕色至紅棕色，有的可見類白色網狀紋理及星點 (異型維管束) 散在，殘留的外皮棕褐色，多具繩孔及粗皺紋。質堅實，有的中心稍鬆軟，斷面淡紅棕色或黃棕色，顯顆粒性；根莖髓部寬廣，有星點環列或散在；根木部發達，具放射狀紋理，成層環明顯，無星點。氣清香，味苦而微澀，嚼之粘牙，有砂粒感。
0007,Common Yan Rhizome,山藥,補脾養胃，生津益肺，補腎澀精。用於脾虛食少，久瀉不止，肺虛喘咳，腎虛遺精，帶下，尿頻，虛熱消渴。,甘、平。,以身長、條粗、質堅實、粉性足、色潔白者為佳。,略呈圓柱形，彎曲而稍扁，長15~30cm，直徑1. 5~6cm。表面黃白色或淡黃色，有縱溝、縱皺紋及鬚根痕，偶有淺棕色外皮殘留。體重，質堅實，不易折斷，斷面白色，粉性。無臭，味淡、微酸，嚼之發粘。光山藥呈圓柱形，兩端平齊，長9~18cm，直徑1. 5~3cm。表面光滑，白色或黃白色
0008,Tonkin Sophora Root,山豆根,清熱解毒，消腫利咽。用於火毒蘊結，咽喉腫痛，齒齦腫痛。,苦，寒，有毒。,以根條粗壯、外色綜褐、質堅、味苦者為佳。,乾燥根呈不規則的結節狀，頂端常殘留莖基或莖痕，其下著生數條根。根為長圓柱形，有時分枝，略彎曲，長10~20~35cm，直徑0.3~1cm；表面棕色至黑棕色，有縱皺紋及橫長略突起的皮孔。質硬難折斷，斷面略平坦、淺棕色，並可見環狀形成層，中心無髓。氣微弱，味極苦。
0009,Appendiculate Cremastra Pseudobulb,山慈菇,清熱解毒，化痰散結。治咽喉腫痛，瘰鬁，癰疽，瘡腫，產後瘀滯。,甘、微辛，涼；有小毒。,以色白、個大均勻、體質飽滿者為佳。,乾燥的鱗莖，呈不規則扁球形或圓錐形，表面黃棕色至棕褐色。高約0.7~1.5cm，直徑約0.5~1cm。底部圓而凹陷，有根痕，上端急尖，一側有縱溝自基部伸向頂端。表面黃白色，光滑。質硬，略呈角質，橫斷面黃白色，粉質。氣微，味淡，有黏性。
0010,Sanchi,三七,止血；散血；定痛。主治跌撲瘀腫，胸痹絞痛，症瘕；血瘀經閉；痛經；產後瘀陰腹痛；瘡癰腫痛。,甘、微苦，溫。,以個頭圓大飽滿、身乾、個大、體重堅實、斷面灰黑色、無裂隙者為佳。,主根呈類圓錐形或圓柱形，長1~6cm，直徑1~4cm。表面灰黃色或灰褐色，有斷續的縱皺紋及支根痕。頂端有莖痕，周圍有瘤狀突起。體重，質堅實，斷面灰綠色、黃綠色或灰白色，皮部與木質部較易分離，木部微呈放射狀排列。氣微，味苦回甜。
0011,Common Burreed Tuber,三棱,破血行氣，消積止痛。適用於多種腫瘤，以及血瘀氣滯、腹部結塊、肝脾腫大、經閉腹痛、食積脹痛等。,辛、苦，性平。,以個勻、體重、質堅實、去淨外皮、表面黃白色者為佳。,乾燥塊莖呈圓錐形或扁卵圓形，上圓下尖，長2.5~5cm，直徑1.5~3.5cm；表面黃白色或灰黃色，細膩或粗糙不平，有刀削痕跡，並有密集的點狀鬚根痕，略呈橫向環狀排列，兩側面有突起，凹凸不平；質堅實，極難折斷，入水下沉。切斷面平坦，黃白色或灰白色，向內色較深，中間有多數不明顯的維管束小點；氣微弱，味淡，嚼之微有麻辣感。
0012,Fresh Ginger,生薑,發汗解表，溫中止嘔，溫肺止咳，解魚蟹毒，解藥毒。,辛，微溫。,以個大，肉質厚，新鮮者為佳。,生薑呈不規則的塊狀，略扁，肉質肥厚。表面黃褐色或灰棕色，質脆，易折斷，斷面黃色，內皮層有明顯環紋。氣香特異，味辛辣。
0013,Dried Ginger,乾薑,溫中散寒，回陽通脈，燥濕消痰，溫肺化飲。主治脘腹冷痛；嘔吐；泄瀉，亡陽厥逆；寒飲喘咳；寒濕痹痛。,味辛，性熱。,以質堅實、斷面色黃白、粉性足、氣味濃者為佳。,根莖呈不規則塊狀，略扁，具指狀分枝，長3~7cm，厚1~2cm。表面灰棕色或淺黃棕色，粗糙，具縱皺紋及明顯的環節。分枝處常有鱗葉殘存，分枝頂端有莖痕或芽。質堅實，斷面黃白色或灰白色，粉性和顆粒性，有一明顯圓環 (內皮層)，筋脈點 (維管束) 及黃色油點散在。氣香，特異，味辛辣。
0014,Paniculate Bolbostemma Bulb,土貝母,散結，消腫，解毒。用於乳癰，瘰鬁；乳腺炎，頸淋巴結結核，慢性淋巴結炎，肥厚性鼻炎。,味苦，微寒。,以個大、紅棕色、質堅實、有亮光，半透明者為佳。,乾燥塊莖呈不規則塊狀，多角或三棱形，高0.6~1.6cm，直徑0.7~2cm。暗棕色至半透明的紅棕色，表面凹凸不平，多裂紋，頂端常有一突起的芽狀物。質堅硬，不易折斷。斷面角質，光亮而平滑微有焦糊氣，味微鹹而苦。
0015,Glabrous Greenbrier Rhizome,土茯苓,解毒，除濕，利關節。治梅毒，淋濁，筋骨攣痛，腳氣，疔療瘡，癰腫，瘰鬁，梅毒及汞中毒所致的肢體拘攣，筋骨疼痛。,甘、淡，平。,以外皮淡棕色、質堅實、斷面白色或淡紅棕色、筋脈少、粉性足者為佳。,切片為長形薄片，大小不等，厚約1~3mm，邊緣不整齊，淡紅棕色或類白色；中間略具維管束點，仔細觀察時可見砂礫樣的光亮。縱切片常見花紋。導管不規則，富粉質，微有彈性，用水潤濕後，手摸之有光滑感。
0016,Common Achyranthes,牛膝,補肝腎；強筋骨；活血通經；引火 (血) 下行；利尿通淋。主治腰膝酸痛；下肢痿軟；血滯經閉；痛經；產後血瘀腹痛；症瘕；胞衣不下；熱淋；血淋；跌打損傷；癰腫惡瘡；咽喉腫痛。,味苦；酸；性平。,以條長、皮細肉肥、色黃白者為佳。,根呈細長圓柱形，有的稍彎曲，上端稍粗，下端較細，長15~50cm，直徑0.4~1cm。表面及黃色或淡棕色，具細微縱皺紋，有細小橫長皮孔及稀疏的細根痕。質硬而脆，易折斷，斷面平坦，黃棕色，微呈角質樣，中心維管束木部較大，黃白色，其週邊散有多數點狀維管束，排列成2~4輪。氣微，味微甜、澀。
0017,Fourleaf Ladybell Root,南沙參,養陰清肺，益胃生津，補氣，化痰。補肺脾之氣，適用於脾肺氣虛，倦怠乏力，食少，自汗，舌淡，脈弱者。,甘，微寒。,以條長、皮細肉肥、色黃白者為佳。,根呈圓錐形或圓柱形，略彎曲，長7~27cm，直徑0.8~3cm。表面黃白色或淡棕黃色，凹陷處常有殘留粗皮，上部多有深陷橫紋，呈斷續的環狀，下部有縱紋及縱溝。頂端具1或2個根莖 (蘆頭) 。體輕、質脆易折斷，斷面不平坦，黃白色，多裂隙。無臭，味微甘。
0018,Lightyellow Sophra Root,苦參,清熱燥濕；祛風殺蟲。主濕熱瀉痢；腸風便血；黃疸；小便不利；水腫；帶下；陰癢；疥癬；麻風；皮膚瘙癢；濕毒瘡瘍 。,苦，寒。,以條勻、斷面黃白、味極苦者為佳。,根長圓柱形，下部常分枝，長10~30cm，直徑l~2.5cm。表面棕黃色至灰棕色，具縱皺紋及橫生皮孔。栓皮薄，常破裂反卷，易剝落，露出黃色內皮。質硬，不易折斷，折斷面纖維性。切片厚3~6mm，切面黃白色，具放射狀紋理。氣微，味苦。
0019,Different Leaves Pseudostellaria,太子參,補益脾肺，益氣生津。治肺虛咳嗽，脾虛食少，心悸，怔忡，水腫，消渴，精神疲乏。,甘，微苦，微溫。,以肥潤、黃白色、無鬚根者為佳。,乾燥塊根呈細長條形或長紡錘形，長約2~6cm，直徑約3~6mm左右，表面黃白色，半透明，有縱皺紋及凹下的鬚根痕，根頭鈍圓，其上常有殘存的莖痕，下端漸細如鼠尾。質脆易折斷，斷面黃白色或類白色，直接曬乾的斷面為白色，有粉性，氣微，味微甘。
0020,Dan - shen Root,丹參,活血調經，祛瘀止痛，涼血消癰，清心除煩，養血安神。主治月經不調，經閉痛經，症瘕積聚，胸腹刺痛，熱痹疼痛，瘡瘍腫痛，心煩不眠；肝脾腫大，心絞痛。,苦，微寒。,以條粗壯、色紫紅者為佳。,藥材多為帶根莖的根，根莖粗短，有莖基殘餘，下著生多數細長的根。根呈圓柱形，稍彎曲，表面呈磚紅色，粗糙，具多數縱溝或皺紋，有鬚根痕，外部栓皮常鱗片狀剝落，皮層有時開裂，長8~22cm，直徑5~12mm，質堅脆，易折斷，斷面不平，疏鬆有裂隙，皮部棕渴色或磚紅色，韌皮部狹。形成層明顯，淡棕色，木質部導管束灰黃色或黃白色，放射狀排列。氣微，味微苦、澀。
0021,Pilose Asiabell Root,黨參,補中益氣，健脾益肺。用於脾肺虛弱，氣短心悸，食少便溏，虛喘咳嗽，內熱消渴。,甘、微酸，性平。,以條粗長、質柔潤、氣味濃，“化渣”者為佳。,呈長圓柱形，稍彎曲，長10~35cm，直徑0.4~2cm。根上端1~3cm部分有環紋，質稍軟，斷面裂隙少。味微酸。根頭部有多數疣狀突起的莖痕的頂端呈凹下的圓點狀；根頭下有緻密的環狀橫紋，向下漸稀疏，有的達全長的一半，栽培品環紋少或無；全體有縱皺紋及散在的橫長皮孔，支根斷落處常有黑褐色膠狀物。質稍硬或略帶韌性，斷面稍平坦，有裂隙或放射狀紋理，皮部淡黃白色至淡棕色，木部淡黃色。有特殊香氣，味微甜。
0022,Japanese Stemona Root,百部,潤肺下氣止咳，殺蟲。用於新久咳嗽，肺癆咳嗽，百日咳；外用於頭蝨，體虱，蟯蟲病，陰部騷癢。,甘、苦，微溫。,以粗壯、肥潤、堅實、色白者為佳。,對葉百部：呈長紡錘形或長條形，長8~24cm，直徑0.8~2cm。表面淺黃棕色至灰棕色，具淺縱皺紋或不規則縱槽。質堅實，斷面黃白色至暗棕色，柱較大，髓部類白色。
0023,Giant Typhonium Tuber,白附子,燥濕化痰，祛風止痙，解毒散結止痛。,味辛、甘，性溫，有毒。,以個大、質堅實，色白、粉性足者為佳。,白附子塊莖呈橢圓形或卵圓形，長2~5cm，直徑1~3cm。表面白色或黃白色，有環紋及鬚根痕，頂端具莖痕或芽痕。質堅硬，斷面類白色，富粉性。無臭，味淡，嚼之麻辣刺舌。
0024,Lalang Grass Rhizome,白茅根,涼血，止血，清熱，利尿。治熱病煩渴，吐血，衄血，肺熱喘急，胃熱噦逆，淋病，小便不利，水腫，黃疸。,甘、寒。,以條粗、色白、味甜者為佳。,根莖長圓柱形，有時分枝，長短不一，長30~60cm，直徑2~4mm。表面黃白色或淡黃色，有光澤，具縱皺紋，環節明顯，節上殘留灰棕色鱗葉及細根，節間長1~3cm。體輕，質韌，折斷面纖維性，黃白色，多具放射狀裂隙，有時中心可見一小孔。氣微，味微甜。
0025,Willowleaf Swallowwort Rhizome and Root,白前,降氣化痰，止咳。用於咳嗽痰多，氣喘。該品性微溫而不燥烈，長於祛痰，降肺氣以平咳喘，無論屬寒屬熱，外感內傷，新嗽久咳均可用之。,辛、苦，微溫。,以根莖粗、鬚根長、斷面粉白色、粉性足者為佳。,根纖細彎曲扭轉而成團狀，長約1~10cm，多數呈毛須狀，表面棕色或紫棕色，有細繳皺，並具多數小鬚根。根莖呈管狀，細長有節，略彎曲，長約4~15cm，直徑1.5~5mm，表面淺黃色至黃棕色，有細縱皺紋，節部膨大，常有分歧，並密生鬚根，頂端常殘留灰綠色或紫棕色的地上莖；質堅脆，易折斷，斷面類圓形，中空或有膜質的髓。質堅脆，易折斷，斷面類白色，氣微弱，味甜。
0026,White Peony Root,白芍,養血柔肝，緩中止痛，斂陰收汗。治胸腹脅肋疼痛，瀉痢腹痛，自汗盜汗，陰虛發熱，月經不調，崩漏，帶下。,苦酸，微寒。,以根粗長、勻直、質堅實、粉性足、表面潔淨者為佳。,乾燥根呈圓柱形，粗細均勻而平直，長10~20cm，直徑1~1.8cm。表面淡紅棕色或粉白色，平坦，或有明顯的縱皺及鬚根痕，栓皮未除盡處有棕褐色斑痕，偶見橫向皮孔。質堅實而重，不易折斷。斷面灰白色或微帶棕色，木部放射線呈菊花心狀，形成層環明顯。氣微，味微苦而酸。
0027,Chinese Pulsatilla Root,白頭翁,清熱解毒，涼血止痢，燥濕殺蟲。主治熱毒痢疾，鼻衄，血痔，帶下，陰癢，癰瘡，瘰鬁。,味苦，性寒。,以條粗長，質堅實者為佳。,根長圓柱形或圓錐形，稍彎曲，有時扭曲而稍扁，長5~20cm，直徑0.5~2cm。表面黃棕色或棕褐色，有不規則的縱皺紋或縱溝，中部有時分出2~3支根，皮部易脫落而露出黃色木部，且常朽蝕成凹洞，可見縱向突起的網狀花紋；根頭部稍膨大，有時分叉，頂端殘留數層鞘狀葉柄基及幼葉，密生白色長絨毛。質硬脆，折斷面稍平坦，皮部黃白色，木部淡黃色，皮部與木部間有時出現空隙。氣微，味微苦澀。
0028,Common Bletilla Tuber,白及,補肺，止血，消腫，生肌，斂瘡。治肺傷咳血，衄血，金瘡出血，癰疽腫毒，潰瘍疼痛，湯火灼傷，手足皸裂。,味苦、甘、澀，微寒。,以個大、飽滿、色白、半透明、質堅實者為佳。,該品呈不規則扁圓形，多有2~3 個爪狀分枝，長1.5~5cm，厚0.5~1.5cm。表面灰白色或黃白色，有數圈同心環節和棕色點狀鬚根痕，上面有凸起的莖痕，下面有連接另一塊莖的痕跡。質堅硬，不易折斷，斷面類白色，角質樣。無臭，味苦，嚼之有黏性。
0029,Japanese Ampelopsis Root Tuber,白蘞,清熱解毒；散結止痛；生肌斂瘡。用治瘡瘍腫毒，瘰鬁，燙傷，濕瘡，溫瘧，驚癇，血痢，腸風，痔漏，白帶，跌打損傷，外傷出血。,味苦、甘、辛，微寒。,以肥大、斷面粉紅色、粉性足者為佳。,塊根長圓形或紡錘形，多縱切成瓣或斜片。完整者長5~12cm，直徑1.5~3.5cm。表面紅棕色或紅褐色，有縱皺紋、細橫紋及橫長皮孔，栓皮易層層脫落，脫落處顯淡紅棕色，剖面類白色或淡紅棕色，皺縮不平。斜片呈卵圓形，長2.5~5cm，寬2~3cm，切面類白色或淺紅棕色，中部有一突起棱線，可見放射狀紋理，周邊較厚，微翹起或略彎曲翻卷。體輕，質硬脆，易折斷粉性。氣微，味微甜。
0030,Blackend Swallowwort Root and Rhizome,白薇,清熱涼血，利尿通淋，解毒療瘡。用於溫邪傷營發熱，陰虛發熱，骨蒸勞熱，產後血虛發熱，熱淋，血淋，癰疽腫毒。,味苦、鹹，寒。,以根細長，棕黃色者為佳。,根莖粗短，有結節，多彎曲。上面有圓形的莖痕，下面及兩側簇生多數細長的根，根長10~25cm，直徑0.1~0.2cm。表面棕黃色。質脆，易折斷，斷面皮部黃白色，木部黃色。氣微，味微苦。
0031,Taiwan Angelica Root,白芷,祛風濕，活血排膿，生肌止痛。用於頭痛、牙痛、鼻淵、腸風痔漏、赤白帶下、癰疽瘡瘍、皮膚瘙癢。,辛，溫。,以條粗壯，質堅硬、體重、色白、粉性足、香氣濃者為佳。,根呈圓錐形，長10~20cm，直徑2~2.5cm。表面灰棕色，有橫向突起的皮孔，頂端有凹陷的莖痕。質硬，斷面白色，粉性足，皮部密佈棕色油點。氣芳香，味辛、微苦。
0032,Largehead Atractylodes Rhizome,白朮,健脾益氣、燥濕利水、止汗、安胎。用於脾虛食少、腹脹泄瀉、痰飲眩悸、水腫、自汗、胎動不安。,苦、甘，溫。,以個大、堅實、斷面黃白色、香氣濃郁者為佳。,根莖呈拳形團塊，長3~13cm，直徑1.5~7cm。表面灰黃色或灰棕色，有瘤狀突起及斷續的縱皺紋和鬚根痕，頂端有殘留莖基和芽痕。質堅硬，不易折斷，斷面不平坦，黃白色至淡棕色，有棕黃色的點狀油室散在。氣清香，味甘、微辛，嚼之略帶粘性。
0033,Medicinal Morinda Root,巴戟天,補腎助陽；強筋壯骨；祛風除濕。用於腎虛陽痿；遺精早洩；少腹冷痛；小便不禁；宮冷不孕；風寒濕痹；腰膝酸軟；風濕肢氣。,辛、甘，溫。,以條肥壯、連珠狀、肉厚、色紫者為佳。,根扁圓柱形式圓柱形，略彎曲，長度不等，直徑1~2cm，表面灰黃色或灰黃棕色，有的微帶紫色，具縱皺及深陷的橫紋，有的呈縊縮狀或皮部橫向斷離而露出木部，形如雞腸。質堅韌，折斷面不平，皮部厚5~7mm，淡紫色，木部直徑2~4mm。氣微，味苦，略澀。
0034,Indigowoad Root,板藍根,清熱，解毒，涼血，利咽。用於溫毒發斑；高熱頭痛；大頭瘟疫；舌絳紫暗，爛喉丹痧；丹毒；痄腮；喉痹；瘡腫、癰腫；水痘；麻疹；肝炎；流行性感冒，流腦，乙腦，肺炎，神昏吐衄，咽腫，火眼，瘡疹。,苦，寒。,以根平直粗壯、堅實、粉性大者為佳。,呈細長圓柱形，長約10~20~30cm，直徑3~8mm。表面淺灰黃色，粗糙，有縱皺紋及橫斑痕，並有支根痕，根頭部略膨大，頂端有一凹窩，周邊有暗綠色的葉柄殘基，較粗的根並現密集的疣狀突起及輪狀排列的灰棕色的葉柄痕。質堅實而脆，斷面皮部黃白色至淺棕色，木質部黃色。氣微弱，味微甘。
0035,Chinaroot Greenbrier Rhizome,菝葜,祛風利濕；解毒消癰。主風濕痹痛；淋濁；帶下；泄瀉；痢疾；癰腫瘡毒；頑癬；燒燙傷；解毒，驅風，瘡科要藥，有發汗，驅風，利尿及治淋病，癌症，消渴症的功用，葉搗爛外稃治惡瘡。,甘、酸，平。,以根莖粗壯、斷面色紅者為佳。,呈細長圓柱形，長約10~20~30cm，直徑3~8mm。表面淺灰黃色，粗糙，有縱皺紋及橫斑痕，並有支根痕，根頭部略膨大，頂端有一凹窩，周邊有暗綠色的葉柄殘基，較粗的根並現密集的疣狀突起及輪狀排列的灰棕色的葉柄痕。質堅實而脆，斷面皮部黃白色至淺棕色，木質部黃色。氣微弱，味微甘。
0036,Asiatic Moonseed Rhizome,北豆根,清熱解毒，消腫利咽。用於火毒蘊結，咽喉腫痛，齒齦腫痛。,苦，寒，有小毒。,以粗壯、味苦者為佳。,根莖圓柱形，彎曲，有分枝，長可達50cm，直徑0.3~0.8cm。表面黃棕色至暗棕色，多有彎曲的細根及縱皺紋，外皮易剝落。質韌，不易折斷，斷面不整齊，纖維性，木部黃色，呈放射狀排列，中心有髓。氣微，味苦。
0037,Kusnezoff Monkshood Mother Root,草烏,祛風除濕，溫經止痛。用於風寒濕痹，關節疼痛，心腹冷痛，寒疝作痛，麻醉止痛。,辛、苦，熱，有大毒。,以個大、肥壯、質堅實、粉性足、殘莖及鬚根少者為佳。,草烏呈圓錐形而稍彎曲，形如烏鴉頭，長2~7cm，直徑1~3cm，頂端常有長1cm左右的殘莖或莖痕，表面暗棕色或灰褐色，外皮皺縮。有的具突起的支根。質堅，難折斷，斷面白色或灰白色，形成層環紋多角形或類圓形。無臭，味辛辣，麻舌。
0038,Chinese Thorawax Root,柴胡,和解少陽，疏肝解鬱。透表泄熱，升舉陽氣。用於感冒發熱、寒熱往來、瘧疾，肝鬱氣滯，胸肋脹痛，脫肛，子宮脫落，月經不調。,苦，微寒。,以條粗，無殘留鬚根者為佳。,呈圓柱形或長圓錐形，長6~15cm，直徑0.3~0.8cm。根頭膨大，頂端殘留3~15個莖基或短纖維狀葉基，下部分枝。表面黑褐色或淺棕色，具縱皺紋、支根痕及皮孔。質硬而韌，不易折斷，斷面顯片狀纖維性，皮部淺棕色，木部黃白色。氣微香，味微苦。
0039,Antifebrile Dichroa Root,常山,解熱抗瘧，解毒。主治瘧疾，湧吐痰涎。,苦、辛，寒，有毒。,以質堅硬、斷面色淡黃者為佳。,主根多粗直而長，有的呈圓柱形作不規則彎曲扭轉，直徑6~20mm；側根多數，並有無數細根，表面灰棕色，具不規則縱橫裂紋。質堅硬，不易折斷，斷面黃白色或淡黃色，皮部厚，鮮時易剝離，內面光滑，富有粘質。外形極似常山，但斷面為白心，故稱“白常山”。氣微，味淡。飲片呈淡黃色。
0040,Swordlike Atracylodes Rhizome,蒼朮,燥濕健脾，祛風散寒，明目。用於脘腹脹滿，泄瀉水腫，腳氣痿躄，風濕痹痛，風寒感冒，夜盲。,苦、辛，溫。,以個大、質堅實、斷面朱砂點多、香氣濃者為佳。,呈不規則連珠狀或結節狀圓柱形，略彎曲，偶有分枝，長3~10cm，直徑1~2cm。表面灰棕色，有皺紋、橫曲紋及殘留鬚根，頂端具莖痕或殘留莖基。質堅實，斷面黃白色或灰白色，散有多數橙黃色或棕紅色油室，暴露稍久，可析出白色細針狀結晶。氣香特異，味微甘、辛、苦。
0041,Red Paeoniae Trichocarpae,赤芍,清熱涼血、散瘀止痛的功能。生赤芍以清熱涼血力勝。多用於溫病熱入血分的身熱出血，目赤腫痛，癰腫瘡毒。,苦，微寒。,以根條粗壯、粉性足、斷面粉白色者為佳。,該品呈圓柱形，稍彎曲，長5~40cm，直徑0.5~3cm。表面棕褐色，粗糙，有縱溝及皺紋，並有鬚根痕及橫向凸起的皮孔，有的外皮易脫落。質硬而脆，易折斷，斷面粉白色或粉紅色，皮部窄，木部放射狀紋理明顯，有的有裂隙。氣微香，味微苦、酸澀。
0042,Chinese Manyleaf Paris Rhizome,重樓,清熱解毒，消腫止痛，涼肝定驚。作於疔腫癰腫、咽喉腫痛、毒蛇咬傷、跌撲傷痛、驚風抽搐。,苦，微寒，有小毒。,以根條粗壯、粉性足、斷面粉白色者為佳。,根莖類圓柱形，多較平直，少數彎曲。直徑1~6cm，長4.5~12cm。表面黃棕色，少數灰褐色，較平滑；環節較稀疏，突起不明顯；莖痕半圓形或扁圓形，不規則排列，表面較平或稍突起。質堅硬，不易折斷，斷成粉質或角質化。氣微，味苦。飲片切面白色或類白色，具粉性。
0043,Tendrilleaf Fritillary Bulb,川貝母,清熱潤肺，化痰止咳。用於肺熱燥咳，乾咳少痰，陰虛勞嗽，咯痰帶血。,甘、苦，微寒。,以個小、完整、白色、質堅實、粉性足者為佳。,爐貝呈長圓錐形，高0.7~2.5cm，直徑0.5~2.5cm。表面類白色 (白爐貝) 或淺棕黃色 (黃爐貝)，有的具棕色斑點。外層鱗葉2瓣，大小相近，頂部開裂而略尖，基部稍尖或較鈍。
0044,Common Vladimiria Root,川木香,行氣止痛。用於脘腹脹痛，腸鳴腹瀉，裡急後重，兩脅不舒，肝膽疼痛。,辛、苦，溫。,以質硬、條粗、香氣濃者為佳。,呈圓柱形，習稱鐵杆木香，或成縱槽狀半圓柱形，習稱槽子木香，稍彎曲，長10~30cm，直徑1~3cm。表面黃褐色或暗褐色，具較細的縱皺紋，外皮脫落處可見絲瓜絡狀細脈紋，根頭偶有黑色發粘的膠狀物，習稱油頭或糊頭。體較輕，質脆易折斷。斷面黃白色或黃色，散有深黃色稀疏油點及裂隙，木部較寬廣，有放射狀紋理；有的中心呈腐朽狀。氣微香，味苦，嚼之粘牙。
0045,Medicinal Cyathula officinalis Root,川牛膝,逐瘀通經，通利關節，利尿通淋。用於經閉症瘕，胞衣不下，關節痹痛，足痿筋攣，尿血血淋，跌撲損傷。,甘、微苦，平。,以分枝少、根粗壯、斷面淺黃色者為佳。,本品呈近圓柱形，微扭曲，向下略細或有少數分枝，長30~60cm，直徑0.5~3cm。表面黃棕色或灰褐色，有微扭曲的縱皺紋、側根痕和多數橫長的散在皮孔樣突起。質韌，不易折斷，斷面淺黃色或棕黃色，維管束點狀，排列成數輪同心環。氣微，味甜。
0046,Common Monkshood Mother Root,川烏,祛風除濕；溫經；散寒止痛。主風寒濕痹；關節疼痛；肢體麻木；半身不遂；頭風頭痛；心腹冷痛；寒疝作痛；跌打瘀痛；陰疽腫毒；並可用於麻醉止痛 。,辛、苦，熱，有大毒。,以飽滿、質堅實、斷面色白者為佳。,為不規則圓錐形，稍彎曲，頂端常有殘莖，中部多向一側膨大，長2~7.5cm，直徑1.2~2.5cm。表面棕褐色或灰棕色，皺縮，有小瘤狀側根及子根痕。質堅實，斷面類白色或淺灰黃色，形成層環多角形。氣微，味辛辣、麻舌。
0047,Szechwan Lovage Rhizome,川芎,活血祛瘀；行氣開鬱；祛風止痛 。用於胸痹心痛，胸脅刺痛，跌撲腫痛，月經不調，經閉痛經，癮瘕腹痛，頭痛，風濕痹痛。,辛，溫。,以個大飽滿、質堅實、油性大、香氣濃、斷面黃白者為佳。,為不規則結節狀拳形團塊，直徑2~7cm。表面黃褐色，粗糙皺縮，有多數平行隆起的輪節，頂端有凹陷的類圓形莖痕，下側及輪節上有多數小瘤狀根痕。質堅實，不易折斷，斷面黃白色或灰黃色，散有黃棕色的油室，形成層呈波狀環紋。氣濃香，味苦、辛。稍有麻舌感，微回甜。飲片邊緣不整齊，呈不規則的類蝴蝶形薄片。
0048,Manyprinckle Acanthopanax,刺五加,益氣健脾；補肝腎；強筋骨；活血脈。風寒濕痹；腰膝疼痛；筋骨痿軟；行動遲緩；體虛羸弱；跌打損傷；骨折；水腫；腳氣；陰下濕癢。,辛、微苦，溫。,以皮完整、斷面黃白色、香氣濃者為佳。,為根莖結節狀不規則圓柱形，直徑1.4~4.2cm；表面灰褐色，有皺紋；上端有不定芽發育的細枝。根圓柱形，多分枝，常扭曲，長3.5~12cm，直徑0.3~1.5cm；表面灰褐色或黑褐色，粗糙、皮薄，剝落處呈灰黃色。質硬，斷面黃白色，纖維性。有特異香氣，味微辛、稍苦、澀。
0049,Chinese Angelica,當歸,補血活血，調經止痛，潤腸通便。用於血虛萎黃、眩暈心悸、月經不調、經閉痛經、虛寒腹痛、腸燥便秘、風濕痹痛、跌撲損傷、癰疽瘡瘍。,甘、辛，溫。,以主根粗長、油潤、外皮黃棕色、肉質飽滿、香氣濃者為佳。,全歸長略呈圓柱形，下部有支根3~5條或更多，長15~25cm。外皮細密，表面黃棕色至棕褐色，具縱皺紋及橫長皮孔。根頭 (歸頭) 直徑1.5~4cm，具環紋，上端圓鈍，有紫色或黃綠色的莖及葉鞘的殘基；主根 (歸身) 表面凹凸不平；支根 (歸尾) 直徑0.3~1cm，上粗下細，多扭，有少數鬚根痕。質柔韌，斷面黃白色或淡黃棕色，皮部厚，有裂隙及多數棕色點狀分泌腔，木部色較淡，形成層環黃棕色。木質部色較淡；根莖部分斷面中心通常有髓和空腔。
0050,Adhesive Rehmannia Root Tuber,地黃,熟地黃滋陰補血，益精填髓。可用于陰虛發熱，消渴，吐血，衄血，血崩，月經不調，胎動不安，陰傷便秘等症。,鮮地黃甘、苦，寒；生地黃甘，寒；熟地黃甘，微溫。,熟地黃以軟塊大、內外烏黑有光澤者為佳。,熟地黃：為不規則的塊片、碎塊，大小、厚薄不一。表面烏黑色，有光澤，粘性大。質柔軟而帶韌性，不易折斷，端面烏黑色，有光澤。味甜。
0051,Longleaf Garden Burnet Root,地榆,涼血止血，解毒斂瘡。除下焦熱，治大小便血證。,苦、酸、澀，微寒,以質硬、條粗、斷面紅色者為佳。,根圓柱形，略扭曲狀彎曲，長18~22cm，直徑0.5~2cm。有時可見側生支根或支根痕。表面棕褐色，具明顯縱皺。頂端有圓柱狀根莖或其殘基。質堅，稍脆，折斷面平整，略具粉質。橫斷面形成層環明顯，皮部淡黃色，木部棕黃色或帶粉紅色，呈顯著放射狀排列。氣徽，味微苦澀。
0052,Doubleteeth Angelicae Root,獨活,祛風勝濕；散寒止痛。用於風寒濕痹；腰膝疼痛；少陰伏風頭痛，頭痛齒痛。,辛、苦，微溫。,以條粗壯、油潤、香氣濃者為佳。,根頭及主根粗短，略呈圓柱形，長1.5~4cm，直徑1.5~3.5cm，下部有數條彎曲的支根，長12~30cm，直徑0.5~1.5cm。表面粗糙，灰棕色，具不規則縱皺紋及橫裂紋，並有多數橫長皮孔及細根痕；根頭部有環紋，具多殖環狀葉柄痕，中內為凹陷的莖痕。質堅硬，斷面灰黃白色，形成層環棕色，皮部有棕色油點 (油管)，木部黃棕色；根頭橫斷面有大形賄部，亦有油點。香氣特異，味苦辛，微麻舌。
0053,Blue Turmeric Rhizome,莪朮,破血逐瘀，行氣止痛。,辛、苦，溫。,以質堅實、氣香者為佳。,根莖圓錐形，上端較尖，下端基部鈍圓，長2~6cm，直徑2~3cm。表面淡黃色，稍皺縮，上部有明顯的環節，節上有鱗片樣葉柄殘基，兩側各有1列圓點狀側生根痕。質堅實，斷面灰褐色，蠟樣，常附有灰棕色粉末。內皮層環圓形，中柱占大部分。氣微香，味苦辣。
0054,Divaricate Saposhnikovia,防風,治外感風寒，頭痛，目眩，項強、風寒濕痹，骨節酸痛，四肢攣急，破傷風。,辛、甘，微溫。,以條粗壯、皮細而緊、無毛頭、斷面有棕色環、中心色淡黃者為佳。,乾燥的根呈圓錐形或紡錘形，稍彎曲，長20~30cm，根頭部直徑約1cm，中部直徑1~1.5cm。表面灰黃色或灰棕色。根頭部有密集的細環節，節上有棕色粗毛，頂端有莖的殘痕；根部外皮皺縮而粗糙，有不整齊的縱皺及細橫紋，除散生汙黃色的橫長皮孔外，點狀突起的鬚根痕也隨處可見。質松而軟，易折斷，斷而不平坦，木部淡黃色，皮部黃棕色有裂隙，射線呈放射狀。氣微香，味微甘。
0055,Fourstamen Stephania Root,防己,利水消腫，祛風止痛。主治水腫腳氣，小便不利，濕疹瘡毒，風濕痹痛，高血壓症。一般認為，漢防己利水消腫作用較強，木防己祛風止痛作用較好。,苦，寒。,以質堅實、斷面白色、粉性足者為佳。,根不規則圓柱形，形如“豬大腸”，剖切成半圓柱形或塊狀，常彎曲，彎曲處有深陷橫溝而呈結節狀，長5~15cm，直徑1~5cm。表面灰黃色，有細皺紋及橫向突起的皮孔。質堅重，斷面平坦，灰白色，有“蜘蛛網紋”，具粉性。氣微，味苦。
0056,Hypoglaucous Yam Rhizome,粉萆薢,利水，祛風，利濕。治風濕頑痹，腰膝疼痛，小便不利，淋濁，遺精，濕熱瘡毒。,苦，平。,以片大而薄、切面黃白色者為佳。,為不規則的薄片。邊緣不整齊，大小不一，厚約0.5mm。有的有棕黑色或灰棕色的外皮。切面黃白色或灰棕色，維管束呈小點狀散在。質松，略有彈性。氣微，味辛、微苦。
0057,Edible Kudzuvine Root,粉葛,解肌退熱；發表透診；生津止渴；升陽止瀉。主治外感發熱、頭項強痛、麻疹初起、疹出不暢、溫病口渴、消渴、泄瀉、痢疾、高血壓、冠心病。,甘、辛，涼。,以塊大、質堅實、色白、粉性足、纖維少為佳。,粉葛根呈圓柱形、類紡錘形或半圓柱形，有的為縱切或斜切的厚片，大小不一。除去外皮的表面黃白色或淡黃色，未去外皮的呈灰棕色。質堅硬而重，纖維性較弱，有的呈綿毛狀，富粉性。
0058,Prepared Common Monkshood Daughter Root,附子,回陽救逆，補火助陽，散寒止痛。“為回陽救逆第一品藥”。用於陰盛格陽，大汗亡陽，吐瀉厥逆，肢冷脈微，心腹冷痛，冷痢，腳氣水腫，風寒濕痹，陽痿，宮冷，虛寒吐瀉，陰寒水腫，陽虛外感，陰疽瘡瘍以及一切沉寒痼冷之疾。,甘、辛，大熱，有毒。,白附片以片大、色白、半透明者為佳。,淡附片：為縱切薄片，表面灰白色，質硬脆。氣微、味淡，無麻舌感。
0059,Chinese Nardostachys Root and Rhizome,甘松,行氣止痛，開鬱醒脾。外用祛濕消腫。用於中焦寒凝氣滯，脾胃不和，食欲不振，嘔吐；外用治牙痛。,甘、辛，溫。,以條長、根粗、香氣濃者為佳。,本品多彎曲，上粗下細，長5~18cm。根莖短，上端有殘留莖基，外被多層枯葉殖基，呈膜質片狀或纖維狀，外層棕黑色，內層棕色或黃色。根單一，有的數條交結，並列或分枝，長6~16cm，直徑0.3~1cm；表面皺縮，棕褐色，有細根和鬚根。質鬆脆，易折斷，斷面粗糙，皮部深棕色，常成裂片狀，木部黃白色。氣特異，葉苦、辛，有清涼感。
0060,Kansui Root,甘遂,瀉水逐飲，消腫散結。用於水腫脹滿，胸腹積水，痰飲積聚，氣逆喘咳，二便不利，消腫散結：外用可治癰腫瘡瘍。,苦，寒，有毒。,以色白、肥大、粉性足者為佳。,本品呈橢圓形、長圓柱形或連珠形，長1~5cm，直徑0.5~2.5cm。表面類白色或黃白色，凹陷處有棕色外皮殘留。質脆，易折斷，斷麵粉性，白色，木部微顯放射狀紋理；長圓柱狀者纖維性較強。氣微，味微甘而辣。
0061,Chinese Ligusticum Rhizome,藁本,祛風，散寒，除濕，止痛。用於風寒感冒，巔頂疼痛，風濕肢節痹痛。,辛，溫。,以大小均勻、香氣濃郁者為佳。,根莖呈不規則結節狀圓柱形，稍扭曲，有分枝，長3~10cm，直徑1~2cm。表面棕褐色或暗棕色，粗糙，有縱皺紋，上側殘留數個凹陷的圓形莖基，下側有多數點狀突起的根痕及殘根。體輕，質較硬，易折斷，斷面黃色或黃白色，纖維狀。氣濃香，味辛、苦、微麻。
0062,Lesser Galangal Rhizome,高良薑,溫胃散寒，消食止痛。用於脘腹冷痛，胃寒嘔吐，噯氣吞酸。,辛，熱。,以氣香味辣、分枝少、紅棕色者為佳。,該品呈圓柱形，多彎曲，有分枝，長5~9cm，直徑1~1.5cm。表面棕紅色至暗褐色，有細密的縱皺紋及灰棕色的波狀環節，節間長0.2~1cm，一面有圓形的根痕。質堅韌，不易折斷，斷面灰棕色或紅棕色，纖維性，中柱約占1/3。氣香，味辛辣。
0063,Lobed Kudzuvine Root,葛根,解表退熱，生津，透疹，升陽止瀉。用於外感發熱頭痛、高血壓頸項強痛、口渴、消渴、麻疹不透、熱痢、泄瀉。,甘、辛，涼。,以白色、塊大、質堅實、粉性足、纖維少者為佳。,本品呈縱切的長方形厚片或小方塊，長5~35cm，厚0.5~1cm。外皮淡棕色，有縱皺紋，粗糙。切面黃白色，紋理不明顯。質韌，纖維性強。氣微，味微甜。
0064,East Asian Tree Fern,狗脊,祛風除濕，補肝腎，強腰膝。用於風濕痹痛，腰膝酸軟，下肢無力，尿頻，遺尿，白帶過多。外敷金創止血。,苦、甘，溫。,以質堅實、體重，絨毛金色者為佳。,熟狗脊片呈黑棕色，質堅硬，木質部有環紋明顯。
0065,Fortune's Drynaria Rhizome,骨碎補,補腎強骨，續傷止痛。用於腎虛腰痛，耳鳴耳聾，牙齒鬆動，跌撲閃挫，筋骨折傷；外治斑禿，白癜風。,苦，溫。,以條粗大、棕色者為佳。,根莖為不規側背腹扁平的條狀、塊狀或片狀，多彎曲，兩側常有縊縮和分枝，長3~20cm，寬0.7~1.5cm。表面密被棕色或紅棕色細小鱗片，緊貼者呈膜質盾狀；直伸者披針形，先端尖，邊緣流蘇狀 (睫毛)，並於中柄基部和根莖嫩端較密集。鱗片脫落處顯棕色，可見細小縱向紋理和溝脊。上面有葉柄痕，下面有縱脊紋及細根痕。質堅硬，斷面紅棕色，有白色分體中柱，排成長扁圓形。氣香，味微甜、澀。
0066,Konxia Root,紅大戟,瀉水逐飲；解毒散結。用於胸腹積水，二便不利，癰腫瘡毒，瘰鬁痰核。,苦，寒，有毒。,以個大、質堅實、色紅褐色者為佳。,塊根呈長圓錐形或長紡錘形，多不分枝，稍彎曲，長3~12cm，直徑0.6~1.2cm。表面棕紅色或灰棕色，有扭曲的縱皺紋；頂端可見莖痕。質堅實而易折斷，斷面皮部紅褐色，木部棕黃色。氣微，味微辛。
0067,Kirilow Rhodiola Root and Rhizome,紅景天,益氣活血，通脈平喘。用於氣虛血瘀，胸痹心痛，中風偏癱，倦怠氣喘。,甘、苦，平。,以大小均勻、斷面棕褐色者為佳。,根莖呈圓柱形，粗短，略彎曲，少數有分枝。表面棕色或者褐色，粗糙有皺紋，主根圓柱形，粗短，質輕，表皮疏鬆，可以數層剝落。斷面棕褐色，異形維管束花紋狀，內有黃色膜質表皮。氣味芳香，味微苦澀、後甜。
0068,Manyinflorecenced Sweetvetch,紅芪,補氣固表，利尿托毒，排膿，斂瘡生肌。用於氣虛乏力，食少便溏，中氣下陷，久瀉脫肛，便血崩漏，表虛自汗，氣虛水腫，癰疽難潰，血虛萎黃，內熱消渴，慢性腎炎蛋白尿，糖尿病。,甘，溫。,以粉質多、味甘者為佳。,該品呈圓柱形，少有分枝，上端略粗，長10~50cm，直徑0.6~2cm。表面灰紅棕色，有縱皺紋、橫長皮孔及少數支根痕，外皮易脫落，剝落處淡黃色。質硬而韌，不易折斷，斷面纖維性，並顯粉性，皮部黃白色，木部淡黃棕色，射線放射狀，形成層環淺棕色。氣微，味微甜，嚼之有豆腥味。
0069,Red Ginseng,紅參,大補元氣，固脫生津，安神。治勞傷虛損，食少，倦怠，反胃吐食，大便滑泄，虛咳喘促，自汗暴脫，驚悸，健忘，眩暈頭痛，陽痿，尿頻，消渴，婦女崩漏，小兒慢驚，及久虛不復，一切氣血津液不足之證。,甘、微苦，溫。,以完整、條粗、質硬、有“黃馬褂”者為佳。,主根呈紡錘形或圓柱形，長3~10cm，直徑1~2cm。表面半透明，紅棕色，偶有不透明的暗黃褐色斑塊，具縱溝、皺紋及細根痕，上部有斷續的不明顯環紋；下部有2~3條扭曲交叉的支根，並帶彎曲的鬚根或僅具鬚根殘跡。根莖 (蘆頭) 長1~2cm，上有數個凹窩狀莖痕 (蘆碗)，有的帶有1~2條完整或折斷的不定根。質硬而脆，斷面平坦，角質樣。氣微香而特異，味甘、微苦。
0070,Chinese Goldthread Rhizome,黃連,清熱燥濕，瀉火解毒。用於濕熱痞滿，嘔吐吞酸，瀉痢，黃疸，高熱神昏，心火亢盛，心煩不寐，血熱吐衄，目赤，牙痛，消渴，癰腫疔瘡；外治濕疹，濕瘡，耳道流膿。,苦，寒。,均以條粗壯、質堅實、無殘莖毛須者為佳。,雲連：藥材彎曲呈鉤狀，形如“蠍尾”，多為單枝，較細小。以乾燥、條細、節多、鬚根少，色黃者為佳品。
0071,Membranous Milkvetch Root,黃芪,補氣固表，利尿托毒，排膿，斂瘡生肌的功效。用於氣虛乏力，食少便溏，中氣下陷，久瀉脫肛，便血崩漏，表虛自汗，癰疽難潰，久潰不斂，血虛萎黃，內熱消渴。,甘，溫。,以根條粗長、菊花心鮮明、空洞小、破皮少者為佳；紅芪以皮色紅潤、根條均勻、堅實、粉性足者為佳。,直根圓柱形、有的有分枝，上端較粗，長30~90釐米，直徑1~3.5釐米，表面縱皺色淡棕黃色或淡棕褐色，有不整齊的縱皺紋或縱溝質，硬而韌有粉性，皮部黃白較疏鬆；木部菊花紋理狀，氣似豆腥味微甜。老根中心偶有枯朽狀，黑褐色或呈空洞。氣微，味微甜，嚼之微有豆腥味。
0072,Baikal Skullcap Root,黃芩,清熱燥濕，瀉火解毒，止血，安胎，降血壓。用於濕溫、暑溫胸悶嘔惡，濕熱痞滿，瀉痢，黃疸，肺熱咳嗽，高熱煩渴，血熱吐衄，癰腫瘡毒，胎動不安。,苦，寒。,以根長、質堅實、色黃者為佳。,該品呈圓錐形，扭曲，長8~25cm，直徑1~3cm。表面棕黃色或深黃色，有稀疏的疣狀細根痕，上部較粗糙，有扭曲的縱皺或不規則的網紋，下部有順紋和細皺。質硬而脆，易折斷，斷面黃色，中間紅棕色，通稱子芩，以清火養陰為主；老根中間呈暗棕色或棕黑色，枯朽狀或已成空洞，稱枯芩，以清火敗毒為主。氣微，味苦。
0073,Figwortflower Picrorhiza Rhizome,胡黃連,清熱，涼血，燥濕。 陰虛骨蒸；潮熱盜汗；小兒疳疾；濕熱瀉痢；黃疸；吐血；衄血；目赤腫痛；癰腫瘡瘍；痔瘡腫毒。,苦，寒。,以條粗、折斷時有粉塵、斷面灰黑色、味苦者為佳。,根莖圓柱形，平直或彎曲，多不分枝，市售品多為小段，長2~9cm，直徑3~8mm。表面灰黃色至黃棕色，有光澤，粗糙，具縱皺及橫環紋，栓皮脫落處呈褐色；上端有殘留的葉跡，密集呈鱗片狀，暗紅棕色，或脫落後呈半圓狀的節痕。根痕圓點狀，近節處較多。質硬而脆，易折斷，折斷時有粉塵；斷面可見維管束小點4~7個，排列成環。氣微，味極苦而持久。
0074,Giant Knotweed Root,虎杖,清熱解毒，利膽退黃，祛風利濕，散瘀定痛，止咳化痰。用於關節痹痛，濕熱黃疸，經閉，癓瘕，咳嗽痰多，水火燙傷，跌撲損傷，癰腫瘡毒。,微苦，微寒。,以粗壯、以堅實、斷面色黃者為佳。,多為圓柱形短段或不規則厚片，長1~7cm，直徑0.5~2.5cm。外皮棕褐色，有縱皺紋及鬚根痕，切面皮部較薄，木部寬廣，棕黃色，射線放射狀，皮部與木部較易分離。根莖髓中有隔或呈空洞狀。質堅硬。氣微，味微苦、澀。
0075,Siberian Solomonseal Rhizome,黃精,滋腎潤肺，補脾益氣。用於陰虛勞嗽；肺燥咳嗽；脾虛乏力；食少口乾；消渴；腎虧腰膝酸軟；陽痿遺精；耳鳴目暗；鬚髮早白；體虛贏瘦；風癩癬疾。,甘，平。,以肥潤、塊大、色黃、斷面“冰糖碴”者為佳。,黃精根莖結節狀。一端粗，類圓盤狀，一端漸細，圓柱狀，全形略似雞頭，長2.5~11cm，粗端直徑1~2cm，常有短分枝，上面莖痕明顯，圓形，微凹，直徑2~3mm，周圍隱約可見環節；細端長2.5~4cm，直徑5~10mm，環節明顯，節間距離5~15mm，有較多鬚根或鬚根痕，直徑約1mm。表面黃棕色，有的半透明，具皺紋；圓柱形處有縱行紋理。質硬脆或稍柔韌，易折斷。斷面黃白色，顆粒狀，有黃棕色給管束小點。氣微，味微甜。姜形黃精多為長條結塊狀，長短不等，常數個塊狀結節相連。
0076,Balloonflower Root,桔梗,宣肺、祛痰、利咽、排膿、利五臟、補氣血、補五勞、養氣。主治咳嗽痰多、咽喉腫痛、肺癰吐膿、胸滿脅痛、痢疾腹痛、口舌生瘡、目赤腫痛、小便癃閉。,苦、辛，平。,以條肥大、體堅實、色白者為佳。,根長圓形或長紡錘形，稍扭曲，下部偶有分支，長6~20cm，直徑1~2cm。表面淡黃白色或淡黃棕色 (未去栓皮者)，皺縮，有扭轉的縱溝及橫長的皮孔斑痕，上部有橫紋；頂端蘆頭 (根莖) 長0.5~4cm，有半月形凹陷的莖痕，呈盤節狀。質堅實，橫斷面淡黃色，角質樣，形成層環棕色，皮部有稀少放射狀裂隙，木部較緊密。氣微，味微甜後苦。飲片性狀：桔梗為不規則圓形厚片，表面白色或淡黃白色，有一淺棕色環，周邊呈淡黃白色，有皺紋。無臭，味微甜後苦。蜜桔梗，形如桔梗生片，表面淡黃色至淡棕黃色，滋潤，微具蜜糖香氣。味甜而後苦。
0077,Peking Euphorbia Root,京大戟,瀉水逐飲。用於水腫脹滿，胸腹積水，痰飲積聚，氣逆喘咳，二便不利。,苦，寒，有毒。,以根條均勻，肥嫩、質軟無鬚者為佳。,呈圓柱形或圓錐形，長10~20cm，直徑可達4cm，表面灰棕色至深棕色，粗糙而具側根，頂端多膨大，上有許多圓形的地上莖痕，向下漸細，有縱直溝紋及橫生皮孔與支根痕。質堅硬，不易折斷，折斷面纖維性，類白色至灰棕色。氣微，味苦澀。
0078,Wild Buckwheat Rhizome,金蕎麥,清熱解毒；活血消癰；祛風除濕瘡毒；蛇蟲咬傷。主肺癰；肺熱咳喘；咽喉腫痛；痢疾；風濕痹證；跌打損傷；癰腫癌。,微辛、澀，涼。,以堅硬、個大者為佳。,根莖呈不規則團塊狀，常具瘤狀分枝，長短、大小不一，直徑1-4cm。表面棕褐色至灰褐色，有緊密的環節及不規則的縱皺紋，以及眾多的鬚根或鬚根痕；頂端有莖的殘基。質堅硬，不易折斷，切斷面淡黃白色至黃棕色，有放射狀紋理，中央有髓。氣微，味微澀。
0079,Fischer Euphorbia Root,狼毒,瀉水逐飲；破積殺蟲。水腫腹脹；痰食蟲積；心腹疼痛；症瘕積聚；結核；疥癬。,苦、辛，平，有毒。,以條粗、質韌者為佳。,根呈膨大的紡錘形或呈圓錐形至長圓柱形，稍扭曲，長7~30cm，直徑2~7cm；根頭部留有地上莖殘基；外表棕色至棕褐色，有縱皺及橫生的細長皮孔，有時殘留細根。栓皮剝落後，露出柔軟的白色纖維。體輕，質韌，不易折斷，斷面中心木質部黃白色，外圈韌皮部白色，呈纖維狀。氣微，味微甘、微苦而辣。
0080,Shinyleaf Pricklyash Root,兩面針,行氣止痛，活血化瘀，祛風通絡。用於氣滯血瘀引起的跌打損傷、風濕痹痛、胃痛、牙痛，毒蛇咬傷；外治湯火燙傷。,苦、辛，平，有小毒。,以味濃、根皮厚者為佳。,本品為厚片或圓柱形短段，長2~20cm，厚0.5~6cm，少數10cm。表面淡棕黃色或淡黃色，有鮮黃色或黃褐色類圓形皮孔。切斷面較光滑，皮部淡棕色，木部淡黃色，可見同心性環紋及密集的小孔。質堅硬。氣微香，味辛辣麻舌而苦。
0081,Rough Gentian Root,龍膽,清熱燥濕；瀉肝定驚。主濕熱黃疸；小便淋痛；陰腫陰癢；濕熱帶下；肝膽實火之頭脹頭痛；目赤腫痛；耳聾耳腫；脅痛口苦；熱病驚風抽搐。,苦，寒。,以條粗長、黃色或黃棕色者為佳。,龍膽根莖呈不規則的塊狀，長1~3cm，直徑0.3~1cm；表面暗灰棕色或深棕色，上端有莖痕或殘留莖基，周圍和下端著生多數細長的根。根圓柱形，略扭曲，長10~20cm，直徑0.2~0.5cm；表面淡黃色或黃棕色，上部多有顯著的橫皺紋，下部較細，有縱皺紋及支根痕。質脆，易折斷，斷面略平坦，皮部黃白色或淡黃棕色，木部色較淺，呈點狀環列。氣微，味甚苦。
0082,Common Swisscentaury Root,漏蘆,清熱解毒，消癰，下乳，舒筋通脈。用於乳癰腫痛，癰疽發背，瘰鬁瘡毒，乳汁不通，濕痹拘攣，骨節疼痛、熱毒血痢、痔瘡出血。,苦，寒。,以條粗、棕黑色、不易碎裂者為佳。,本品呈圓錐形或扁片塊狀，多扭曲，長短不一，直徑1~2.5cm。表面暗棕色、灰褐色或黑褐色，粗糙，具縱溝及菱形的網狀裂隙。外層易剝落，根頭部膨大，有殘莖及鱗片狀葉基，頂端有灰白色絨毛。體輕，質脆，易折斷，斷面不整齊，灰黃色，有裂隙，中心遙呈星狀裂隙，灰黑色或棕黑色。氣特異，味微苦。
0083,Reed Rhizome,蘆根,清熱生津，除煩，止嘔，利尿。用於熱病煩渴、胃熱嘔吐、肺熱咳嗽、肺癰吐膿、熱淋澀痛。,甘，寒。,以條粗壯、黃白色、有光澤、無鬚根、質嫩者為佳。,乾蘆根呈壓扁的長圓柱形。表面有光澤，黃白色，節部較硬，顯紅黃色，節間有縱皺紋。質輕而柔韌，不易折斷，氣無，味微甘。
0084,Dwarf Lilyturf Root Tuber,麥冬,滋陰生津、潤肺止咳、清心除煩。主治熱病傷津、心煩、口渴、咽乾肺熱、咳嗽、肺結核。,甘、微苦，涼。,以飽滿、皮細、糖性足、木心細、內外淡黃白色不泛油者為佳。,川麥冬塊根較短小，表面乳白色。質較堅硬，香氣小，味淡，少粘性。
0085,Spingy Yam Rhizome,綿萆薢,利濕去濁，祛風通痹。用於淋病白濁、白帶過多、濕熱瘡毒、腰膝痹痛。,苦，平。,以片大而薄、切面灰白色者為佳。,根莖多為縱切或切的圓片，大小不等，厚2~5mm；外皮黃棕色，較厚，周邊多捲曲，切面淺黃白色，粗糙。有黃棕色點狀維管束散在。質疏鬆，略呈海棉狀。氣微，味微苦辛。
0086,Male Fern Rhizome,綿馬貫眾,清熱解毒，驅蟲，止血。用於防止流感、蟲積腹痛、崩漏 (用炭) 。,苦，微寒。有小毒。,以個大、堅實、葉柄殘基斷面棕綠色者為佳。,本品呈長倒卵形，略彎曲上端鈍圓或截形，下端較尖，有的縱剖為兩半，長7~20cm，直徑4~8cm。表面黃棕色至黑褐色，密被排列整齊的葉柄殘基及鱗片，並有彎曲的鬚根。葉柄殘基呈扁圓形，長3~5cm，直徑0.5~1.0cm；表面有縱棱線，質硬而脆，斷面略平坦，棕色，有黃白色維管束5~13 個，環列；每個葉柄殘基的外側常有3條鬚根，鱗片條狀披針形，全緣，常脫落。質堅硬，斷面略平坦，深綠色至棕色，有黃白色維管束5~13 個，環列，其外散有較多的葉跡維管束。氣特異，味初淡而微澀，後漸苦、辛。
0087,Medicinal Changium,明黨參,潤肺化痰，養陰和胃，平肝，解毒。用於肺熱咳嗽，嘔吐反胃，食少口乾，目赤眩暈，疔毒瘡瘍。,甘、微苦，微寒。,以均勻、質硬脆、體重、黃白色者為佳。,本品呈細長圓柱形、長紡錘形或不規則條塊，長6~20cm，直徑0.5~2cm。表面黃白色或淡棕色，光滑或有縱溝紋及鬚根痕，有的具紅棕色斑點。質硬而脆，斷面角質樣，木部黃白色，皮部較薄，有的易與木部剝離，木部類白色。氣微，味淡。
0088,Costusroot,木香,行氣止痛；調中導滯，溫中消食。,辛、苦，溫。,以條勻、質堅實、沒性足、香氣濃郁者為佳。,根圓柱形、平圓柱形，長5~15cm，直徑0.5~5.5cm。表面黃棕色、灰褐色或棕褐色，栓皮大多已除去，有明縱溝及側根痕，有時可見網狀紋理。質堅硬，難折斷，斷面稍平坦，灰黃色、灰褐色或棕褐色，散有深褐色油室小點，形成層環棕色，有放射狀紋理，老根中央多枯朽。氣芳香濃烈而特異，味先甜後苦，稍刺舌。
0089,Common Baphicacanthus Rhizome and Root,南板藍根,清熱解毒；涼血消腫。主治溫毒發斑；高熱頭痛；大頭瘟疫；丹毒；痄腮；病毒性肝炎；流行性感冒；肺炎；瘡腫；皰疹。,苦，寒。,以條長、粗細均勻者為佳。,根莖及根全長10~30cm，根莖長5~10cm。根莖圓柱形，多彎曲，有時分叉，直徑2~6mm；上部常具短地上莖，有進分枝。表面灰褐色，節膨大，節處著生細長而略彎曲的根，表面有細皺紋。莖及根莖質脆，易折斷，斷面不平坦，略纖維狀，中央有髓，較大，外皮易脫落。根質稍柔韌。氣弱，味淡。
0090,Ussuri Fritillary Vulb,平貝母,清熱潤肺，化痰止咳。主治主肺熱燥咳，乾咳少痰，陰虛勞嗽，咯痰帶血，瘰鬁，乳癰等。,苦、甘，微寒。,以飽滿、白色、粉性足、大小均勻者為佳。,本品呈扁球形，高0.5~1cm，直徑0.6~2cm。表面乳白色或淡黃白色，外層鱗葉2瓣，肥厚，大小相近或一片稍大抱合，頂端略平或微凹入，常稍開裂；中央鱗片小。質堅實而脆，斷麵粉性。氣微，味苦。
0091,Indian Madder Root,茜草,涼血，止血，祛瘀，通經，鎮咳，祛痰。用於吐血，衄血，崩漏，外傷出血，經閉瘀阻，關節痹痛，跌撲腫痛。現代醫學臨床研究：可以治療出血性疾患，慢性氣管炎，慢性腹瀉，風濕性關節炎，治療軟組織損傷，治療白細胞減少症。,苦，寒。,以條粗、外皮紅棕色、斷面黃棕色者為佳。,該品根莖呈結節狀，叢生粗細不等的根。根呈圓柱形，略彎曲，長10~25cm，直徑0.2~1cm；表面紅棕色或暗棕色，具細縱皺紋及少數細根痕；皮部脫落處呈黃紅色。質脆，易折斷，斷面平坦皮部狹，紫紅色，木部寬廣，淺黃紅色，導管孔多數。無臭，味微苦，久嚼刺舌。
0092,Incised Notopterygium Rhizome and Root,羌活,散表寒；祛風濕；利關節；止痛。主治外感風寒、頭痛無汗、風寒濕痹、風水浮腫、瘡瘍腫毒。,辛、苦，溫。,均以條粗壯、有隆起曲折環紋、斷面質緊密、朱砂點多、香氣濃郁者為佳。,條羌：為乾燥的根及支根。呈圓柱形或分枝，長3~17cm，直徑約0.7~1.7cm，頂端偶可見有根莖，表面棕褐色，有縱紋及疣狀突起的鬚根痕，上端較粗大，有稀疏隆起的環節，質疏鬆而脆、易折斷，斷面不平坦，皮部淺棕色，木部黃白色，有菊花紋，朱砂點不明顯，中央無髓。氣味較淡薄。
0093,Common Hogfennel Root,前胡,宣散風熱，降氣化痰。用於治療風熱感冒、咳嗽痰多、咯痰黃稠等症。,辛、苦，微寒。,均以條粗壯、質柔軟、香氣濃者為佳。,紫花前胡：根頭部較粗短，根少有纖維狀葉鞘殘基。折斷面皮部易與木部分離。氣芳香，味微苦、辛。
0094,Obscuteed Homalomena Rhizome,千年健,祛風濕、舒筋活絡、止痛、消腫等功效。主治風濕痹痛、肢節酸育、筋骨痿軟、跌打損傷、胃痛、癰疽瘡腫等。,苦、辛，溫。,以條大、堅實、紅褐色、香氣濃者為佳。,根莖圓柱形或略扁稍彎曲。長15~40cm，直徑0.8~2cm。表面紅棕色或黃棕色，粗糙，有多數扭曲的縱溝紋及黃白色的纖維束。質脆，易折斷，折斷面紅褐色，有很多纖維束外露，纖維群散在，具圓形光澤的油點。氣芳香，味辛、微苦。
0095,Largeleaf Gentian Root,秦艽,袪風濕，舒筋絡，清虛熱。用於風濕痹痛，筋脈拘攣，骨節酸痛，日晡潮熱，小兒疳積發熱。,辛、苦，微寒。,以質堅實、棕黃色、氣味濃者為佳。,小秦艽：呈類圓錐形或類圓柱形，長8~15cm，直徑0.2~1cm。表面棕黃色。主根通常1 個，殘存的莖基有纖維狀葉鞘，下部多分枝。斷面黃白色。
0096,Bistort Rhizome,拳參,清熱鎮驚，理濕消腫。治熱病驚搐，破傷風，赤痢，癰腫，瘰鬁。清熱利濕；涼血止血；解毒散結。主肺熱咳嗽；熱病驚癇；赤痢；熱瀉；吐血；衄血；痔瘡出血；癰腫瘡毒。,苦、澀，微寒。,以粗大、堅硬、斷面淺紅棕色者為佳。,根莖扁圓柱形，彎曲成蝦狀，長4~15cm，直徑l~2.5cm。表面紫褐色或紫黑色，稍粗糙，全體密被粗環紋，具殘留鬚根或根痕，一面隆起，另面較平坦或略具凹槽。質硬，斷面近腎形，淺棕紅色，黃白色維管束細點排成斷續環狀。氣微，味苦、澀。
0097,Indian Pokwees Roxb,商陸,通二便，瀉水，散結。治水腫，脹滿，腳氣，喉痹，癰腫，惡瘡。,苦，寒，有毒。,以黃白色、片塊大、“羅盤紋”明顯但數量少、粉性足者為佳。,乾燥根橫切或縱切成不規則的塊片，大小不等。橫切片彎曲不平，邊緣皺縮，直徑約2.5~6cm，厚約4~9mm，外皮灰黃色或灰棕色；切面類白色或黃白色，粗糙，具多數同心環狀突起。縱切片捲曲，長約4.5~10cm，寬約1.5~3cm，表面凸凹不平，木質部成多數突起的縱條紋，質堅，不易折斷。氣微；味稍甜，後微苦，久嚼之麻舌。以片大色白、有粉性、兩面環紋顯明者為佳。
0098,Hupeh Liriope Root Tuber,山麥冬,養陰生津，潤肺清心。用於肺燥乾咳，虛勞咳嗽，津傷口渴，心煩失眠，腸燥便秘。,甘、微苦，微寒。,以黃白色、個肥大者為佳。,短葶山麥冬：稍扁，長2~5cm，直徑0.3~0.8cm，具粗縱紋。味甘、微苦。
0099,Galanga Resurrectionlily Rhizome,山柰,溫中，消食，止痛。治心腹冷痛，停食不化，跌打損傷，牙痛。用於胸隔脹滿，脘腹冷痛。飲食不消。,辛，溫。,以色白、粉性足、飽滿、氣濃厚而辣味強者為佳。,乾燥根莖為圓形或近圓形的厚片，直徑1.5~2cm，厚2~6mm。外皮紅棕色，皺縮，有時可見根痕、鱗葉殘痕及環紋。斷面灰白色，富於粉質，光滑而細膩，略凸起，而外皮皺縮。質脆，易折斷。氣芳香，略同樟腦；味辛辣 (但與薑味不同) 。
0100,Blackberrglily Rhizome,射干,清熱解毒，利咽喉，消痰涎。主治喉痹咽痛，咳逆上氣，痰涎壅盛，瘰鬁結核，瘧母，婦女經閉，癰腫瘡毒。,苦，寒。,以肥壯、肉色黃、無毛須者為佳。,乾燥根莖呈不規則的結節狀，長約3~10cm，直徑1~1.5cm。表面灰褐色或有黑褐色斑，皺縮有斜向或扭曲的環狀皺紋，排列甚密，上面有圓盤狀凹陷莖痕，下面有殘留的細根及根痕。質堅硬，斷面黃色，顆粒狀。氣微，味苦。
0101,Skunk Bugbane Rhizome,升麻,發表透疹，清熱解毒，升舉陽氣。用於風熱頭痛，齒痛，口瘡，咽喉腫痛，麻疹不透，陽毒發斑；脫肛，子宮脫垂。,辛、微辛，微寒。,以體輕泡、質堅、表變黑褐色且個大者為佳。,呈不規則的長形塊狀，多分枝，呈結節狀，長10~20cm，直徑2~4cm。表面黑褐色或棕褐色，粗糙不平，有堅硬的細鬚根殘留，上面有數個圓形空洞的莖基痕，洞內壁顯放射狀網紋；下面凹凸不平，具鬚根痕。體輕，質堅硬，不易折斷，斷面不平坦，有裂隙，纖維性，黃綠色或淡黃白色。氣微，味微苦而澀。
0102,Tatarinow Sweerflag Rhizome,石菖蒲,化濕開胃，開竅豁痰，醒神益智。用於脘痞不饑，噤口下痢，神昏癲癇，健忘耳聾。,辛、苦，溫。,以條粗、斷面色類白、香氣濃者為佳。,根莖呈扁圓柱形，稍彎曲，常有分枝，長3~20cm，直徑0.3~1cm。表面棕褐色、棕紅色或灰黃色，粗糙，多環節，節間長2~8mm；上側有略呈扁三角形的葉痕，左右交互排列，下側有圓點狀根痕，節部有時殘留有毛鱗狀葉基。質硬脆，折斷面纖維性，類白色或微紅色；橫切面內皮層環明顯，可見多數“筋脈點”及棕色油點。氣芳香，味苦、微辛。
0103,Cochinchinese Asparagus Root Tuber,天冬,養陰清熱，潤燥生津。主治肺結核，支氣管炎，白喉，百日咳，口燥咽乾，熱病口渴，糖尿病，大便燥結；外用治瘡瘍腫毒，蛇咬傷。,甘、苦，寒。,以肥滿、緻密、黃白色、半透明者為佳。,乾燥的塊根呈長圓紡錘形，中部肥滿，兩端漸細而鈍，長6~20cm，中部直徑0.5~2cm。表面黃白色或淺黃棕色，呈油潤半透明狀，有時有細縱紋或縱溝，偶有未除淨的黃棕色外皮。乾透者質堅硬而脆，未乾透者質柔軟，有粘性，斷面蠟質樣，黃白色，半透明，中間有不透明的細木心。臭微，味甘微苦。
0104,Snakegourd Root,天花粉,清熱瀉火，生津止渴，排膿消腫。治熱病口渴、消渴、黃疸、肺燥咳血、癰腫、痔痿。對於治療糖尿病，常用它與滋陰藥配合使用，以達到標本兼治的作用。,甘、微苦，微寒。,以根肥大、白色、堅實、粉性足且橫斷面筋脈點少者為佳。,該品呈不規則圓柱形、紡錘形或瓣塊狀，長8~16cm，直徑1.5~5.5cm。表面黃白色或淡棕黃色，有縱皺紋，細根痕及略凹陷的橫長皮孔，有的有黃棕色外皮殘留。質堅實，斷面白色或淡黃色，富粉性，橫切面可見黃色木質部，“筋脈點”略呈放射狀排列，縱剖面可見黃色縱條紋狀木質部。無臭，味微苦。
0105,Muskroot - like Semiaquilegia Root,天葵子,瀉肝、膽、腎命相火之邪，解一切熱毒，金石藥毒。定小兒驚悸，治吐血，衄血，塗火瘡熱毒。,甘、苦、辛，寒。,以個大，斷面皮部色白者為佳。,塊根呈不規則短柱狀、紡錘狀或塊狀，略彎曲，有的有2~3短分叉，長1~3cm，直徑0.5~1cm。表面暗褐色至灰黑色，具不規則的皺紋及鬚根或鬚根痕；頂端常有莖葉殘基，外被數層黃褐色鞘狀鱗片；中部通常較膨大。質較軟，易折斷，斷面皮部類白色，木部黃白色或黃棕色，略顯放射狀紋理。氣微，味甘、微苦辛。
0106,Reddish Jackinthepulpit Tuber,天南星,燥濕化痰，祛風定驚，消腫散結。主治中風半身不遂、癲癇、驚風、破傷風、跌打損傷、或蟲蟻咬傷等病症。,苦、辛，溫，有毒。,以個大，粉性足、色白者為佳。,本品呈扁球形，高 1~2cm，直徑1.5~6.5cm 。表面類白色或淡棕色，較光滑，頂端有凹陷的莖痕，周圍有麻點狀根痕，有的塊莖周邊有小扁球狀側芽。質堅硬，不易破碎，斷面不平坦，白色，粉性。氣微辛，味麻辣。
0107,Elecampane Inula Root,土木香,健脾和胃，調氣解郁，止痛安胎。用於胸脅、脘腹脹痛，嘔吐瀉痢，胸脅挫傷，岔氣作痛，胎動不安。,辛、苦，溫。,以根粗壯、質堅實、香氣濃者為佳。,根呈圓柱形或長圓錐形，稍彎曲或扭曲，長10~20cm，直徑0.5~2cm。表面深棕以，具縱皺紋及不明顯的橫向皮孔，頭部稍膨大，先端具稍凹陷的莖痕及棕以葉柄殘基。質堅硬，不易折斷，折斷面不平坦，稍呈角質樣，乳白以至淺黃棕色，形成層環明顯，木質部略顯放射狀紋理。氣微，味微苦而灼辣。
0108,Combined Spicebush Root,烏藥,行氣止痛，溫腎散寒。,辛，溫。,以淺棕色、個大、肥壯、質嫩、香氣濃者為佳。,多呈紡錘狀，略彎曲，有的中部收縮成連珠狀，長6~15cm，直徑1~3cm。表面黃棕色或黃褐色，有縱皺紋及稀疏的細根痕。質堅硬。切片厚0.2~2mm，切面黃白色或淡黃棕色，射線放射狀，可見年輪環紋，中心顏色較深。氣香，味微苦、辛，有清涼感。
0109,Nutgrass Galingale Rhizome,香附,理氣解鬱，調經止痛。用於肝鬱氣滯，胸、脅、脘腹脹痛，消化不良，月經不調，經閉痛經，寒疝腹痛，乳房脹痛。,辛、微苦、微甘，平。,以個大、堅實、氣香、毛須去淨者為佳。,根莖多呈紡錘形，或略彎曲，長2~3.5cm，直徑0.5~1cm。表面棕褐色或黑褐色，有不規則縱皺紋，並有明顯而略隆重起的環節 6~10個，節間長2~6mm，節上有眾多朝向一方的棕色毛須，並殘留根痕；去淨毛須的較光滑，有細密的縱脊紋。質堅硬，蒸煮者斷面角質樣，棕黃色或棕紅色，生曬者斷麵粉性，類白色；內皮層環明顯，中柱色較深，維管束點清晰可見。氣芳香特異，味微苦。
0110,Common Vurculigo Rhizome,仙茅,溫腎陽，壯筋骨。治陽萎精冷，小便失禁，崩漏，心腹冷痛，腰腳冷痹，癰疽，瘰鬁，陽虛冷瀉。陽痿精寒，腰膝風冷，筋骨痿痹等症。,辛，熱，有毒。,以根條粗長、質堅脆、表面黑褐色者為佳。,乾燥根莖為圓柱形，略彎曲，兩端平，長3~10cm，直徑3~8mm。表面棕褐色或黑褐色，粗糙，皺縮不平，有細密而不連續的橫紋，並散佈有不甚明顯的細小圓點狀皮孔。未去鬚根者，在根莖的一端常叢生兩端細、中間粗的鬚根，長約3~6cm，有極密的環狀橫紋，質輕而疏鬆，柔軟而不易折斷。根莖質堅脆，易折斷，斷面平坦，微帶顆粒性 (經蒸過者略呈透明角質狀)，皮部淺灰棕色或因糊化而呈紅棕色，靠近中心處色較深。微有辛香氣，味微苦辛。
0111,Longstamen Onion Bulb,薤白,胸痹心痛徹背；胸脘痞悶；咳喘痰多；脘腹疼痛；泄痢後重；白帶；瘡癤癰腫；通陽散結，行氣導滯。,辛、苦，溫。,均以個大、飽滿、質堅、黃白色、半透明者為佳。,天藍小根蒜：鱗莖近球形，直徑1~2cm。
0112,Manchurian Wildginger Herb,細辛,解表散寒；祛風止痛；溫肺化飲；通竅。主治風寒表證；頭痛，牙痛；風濕痹痛；痰飲咳喘；鼻塞；鼻淵；口瘡。,辛，溫。,均以根灰黃、葉綠、乾燥、味辛辣而麻舌者為佳。,漢城細辛：根莖長1~10cm，直徑0.1~0.5cm，節間長約0.1~1cm，氣味同北細辛。
0113,American Ginseng,西洋參,補氣養陰，清熱生津。用於氣虛陰虧，內熱，咳喘痰血，虛熱煩倦，消渴，口燥咽乾。西洋參有抗疲勞、抗氧化、抗應激、抑制血小板聚集、降低血液凝固性的作用，另外，對糖尿病患者還有調節血糖的作用。,甘、微苦，微寒。,以條均勻、質硬、表面橫紋緊密、氣濃清香者為佳。,本品呈紡錘形、圓柱形或圓錐形，長3~12cm，直徑0.8~2cm。表面淺黃褐色或黃白色，可見橫向環紋及線狀皮孔，並有細密淺縱皺紋及鬚根痕。主根中下部有一至數條側根；多已折斷。有的上端有根莖 (蘆頭)，環節明顯，莖痕 (蘆碗) 圓形或半圓形具不定根疔或已折斷。體重，質堅實，不易折斷，斷面平坦，淺黃白色，略顯粉性，皮部可見黃棕色點狀樹脂道，形成層環紋棕黃色，本部略呈放射狀紋理。氣微而特異，味微苦、甘。
0114,Figwort Root,玄參,清熱涼血，瀉火解毒，滋陰。用於溫邪入營，內陷心包，溫毒發斑，熱病傷陰、舌絳煩渴、津傷便秘、骨蒸勞嗽、目赤、咽痛、瘰鬁、白喉、癰腫瘡毒。,甘、苦、鹹，微寒。,以條粗壯、堅實、斷面烏黑者為佳。,根類圓柱形，中間略粗或上粗下細，有的微彎曲，長6~20cm，直徑1~3cm。表面灰黃色或灰褐色，有不規則的縱溝、橫向皮孔及稀疏的橫裂紋和鬚根痕。質堅實，不易折斷，斷面黑色，微有光澤。氣特異似焦糖，味甘、微苦、鹹。
0115,Paniculate Swallowwort Root or Herb,徐長卿,祛風化濕，止痛止癢。用於風濕痹痛，胃痛脹滿，牙痛，腰痛，跌撲損傷，蕁麻疹、濕疹。,辛，溫。,以香氣濃者為佳。,本品根莖呈不規則柱狀，有盤節，長0.5~3.5cm，直徑2~4mm。有的頂端帶有殘莖，細圓柱形，長約2cm，直徑1~2mm，斷面中空；根莖節處周圍著生多數根。根呈細長圓柱形，彎曲，長10~16cm，直徑1~1.5mm。表面淡黃白色至淡棕黃色，或棕色；具微細的縱皺紋，並有纖細的鬚根。質脆，易折斷，斷麵粉性，皮部類白色或黃白色，形成層環淡棕色，木部細小。氣香，味微辛涼。
0116,Asper - like Teasel Root,續斷,補肝腎；強筋骨；調血脈；續折傷；止崩漏。用於腰背酸痛；肢節痿痹；跌撲創傷、損筋折骨、胎動漏紅、血崩、遺精、帶下、癰疽瘡腫。酒續斷多用於風濕痹痛，跌撲損傷。鹽續斷多用於腰膝酸軟。,苦、辛，微溫。,以條粗、質軟、皮部綠褐色為佳。,根長圓柱形，略扁，微彎曲，長5~15cm，直徑0.5~2cm。表面棕褐色或灰褐色，有多數明顯而扭曲的縱皺紋及溝紋，並多數明顯而扭曲的縱皺紋及溝紋，並可見橫長皮孔及少數鬚根痕。質稍軟，久置乾燥後變硬。易折斷，斷面不平坦，皮部綠褐色或淡褐色，木部黃褐色，常呈放射狀花紋。氣微香，味苦，微甜而後澀。
0117,Yanhusuo Tuber,延胡索,活血散瘀，行氣止痛。主治胸痹心痛，脅肋、脘腹諸痛，頭痛、腰痛、疝氣痛、筋骨痛、痛經、經閉，產後瘀腹痛，跌打損傷。,辛、苦，溫。,以個大、飽滿、質堅、色黃、內色黃亮者為佳。,乾燥塊莖，呈不規則扁球形，直徑1~2cm，表面黃色或褐黃色，頂端中間有略凹陷的莖痕，底部或有疙瘩狀凸起。質堅硬而脆，斷面黃色，角質，有蠟樣光澤。無臭，味苦。
0118,Lanceolate Dichotomous Starwort Root,銀柴胡,清熱涼血。治虛勞骨蒸，陰虛久瘧，小兒瘠熱羸瘦。,甘，微寒。,以根長均勻、頂端具“珍珠盤”、外皮淡黃色、斷面黃白色者為佳。,呈類圓柱形，偶有分枝，長15~40cm，直徑0.5~2.5cm。表面淺棕黃色至淺棕色，有扭曲的縱皺紋及支根痕，多具孔穴狀或盤狀凹陷，從砂眼處折斷可見棕色裂隙中有細砂散出，根頭部略膨大，有密集的呈疣狀突起的芽苞、莖或根莖的殘基。質硬而脆，易折斷，斷面不平坦，較疏鬆，有裂隙，皮部甚薄，木部有黃、白色相間的放射狀紋理。氣微，味甘。栽培品有分枝，下部多扭曲，直徑0.3~1.2cm。表面淺棕黃色或淺黃棕色，縱皺紋細膩明顯，細支根痕多呈點狀凹陷。根頭部有多數疣狀突起。幾無砂眼。折斷面質地較緊密，幾無裂隙，略顯粉性，木部放射狀紋理不甚明顯。味微甜。
0119,Thinleaf Milkwort Willd.,遠志,安神益智，祛痰，消腫。用於心腎不交引起的失眠多夢，健忘驚悸，神志恍惚，咳痰不爽，瘡瘍腫毒，乳房腫痛。,苦、辛，微溫。,以皮厚、條粗者為佳。,該品呈圓柱形，略彎曲，長3~15cm，直徑0.3~0.8cm。表面灰黃色至灰棕色，有較密並深陷的橫皺紋、縱皺紋及裂紋，老根的橫皺紋較密更深陷，略呈結節狀。質硬而脆，易折斷，斷面皮部棕黃色，木部黃白色，皮部易與木部剝離。氣微，味苦、微辛，嚼之有刺喉感。
0120,Wenchow Turmeric Root Tuber,鬱金,行氣化瘀，清心解鬱，利膽退黃。用於經閉痛經，胸腹脹痛、刺痛，熱病神昏，癲癇發狂，黃疸尿赤。,辛、苦，寒。,以堅實、斷面黃色者為佳。,綠絲鬱金：呈長橢圓形，較粗壯，長1.5~3.5cm，直徑1~1.2cm。氣微，味淡。
0121,Broadleaf Globethistle Root,禹州漏蘆,清熱解毒，排膿止血，消癰下乳。用於諸瘡癰風，乳癰腫痛，乳汁不通，瘰鬁瘡毒。又用作驅蛔劑。,苦，寒。,以枝條粗長，表面土棕色，質堅實，長短整齊者為佳。,呈類圓柱形，上粗下細，稍扭曲，長10~30cm，直徑1~2cm。外皮灰褐色或灰黃色，粗糙，有縱皺紋，頂端叢生棕色硬毛，為殘存的葉柄維管束，下端偶有分枝。質堅，不易折斷，斷面外圈褐色，內有黃、黑相間的菊花紋。無臭，味微澀。以條粗、堅實者為佳。根呈類圓柱形、稍扭曲，長短不一，直徑0.5~1.5cm。表面土黃色或灰棕色，粗糙，具縱皺紋，頂端有纖維狀棕色硬毛，為殘存的葉柄維管束。質堅，斷面粗纖維狀，皮部棕色，木部具黃黑相間的菊紋，氣微，味微澀。
0122,Fragrant Solomonseal Rhizome,玉竹,滋陰潤肺；養胃生津。燥咳；勞嗽；熱病陰液耗傷之咽乾口渴；內熱消渴；陰虛外感；頭昏眩暈；筋脈攣痛。,甘，平。,以肥壯、條長、色黃白光潤、半透明、味甜者為佳。,該品呈長圓柱形，略扁，少有分枝，長4~18cm，直徑0.3~1.6cm。表面黃白色或淡黃棕色，半透明，具縱皺紋及微隆起的環節，有白色圓點狀的鬚根痕和圓盤狀莖痕。質硬而脆或稍軟，易折斷，斷面角質樣或顯顆粒性。氣微，味甘，嚼之發黏。
0123,Oriental Waterplantain Tuber,澤瀉,利水滲濕；泄熱通淋。主小便不利；熱淋澀痛；水腫脹滿；泄瀉；痰飲眩暈；遺精。,甘、淡，寒。,以塊大、黃白色、光滑、質充實、粉性足者為佳。,塊莖類球形、橢圓形或卵圓形、長2~7cm，直徑2~6cm。表面黃白色或淡黃棕色，有不規則的橫向環狀淺溝紋及多數細小突起的鬚根痕，底部有的有瘤狀芽痕。質堅實，斷面黃白色，粉性，有多數細孔。氣微，味微苦。
0124,Chekiang Fritillary Bulb,浙貝母,清熱化痰，散結解毒。治風熱咳嗽，肺癰喉痹，瘰鬁，瘡瘍腫毒。,苦，寒。,均以鱗葉肥厚、表面及斷面白色、粉性足者為佳。,珠貝為完整的鱗莖，呈扁圓球形，高1~1.7cm，直徑2~3.5cm。表面白色，外層兩枚鱗葉肥厚，略似腎臟形，中央為2~3枚皺縮的小鱗葉及殘莖，內表面墾淡黃白色。質地、氣味同元寶貝。
0125,Common Anemarrhena,知母,清熱瀉火，生津潤燥。用治外感熱病，高熱煩渴，內治肺熱咳嗽，胃熱消渴，肺燥咳嗽；腸燥便秘；骨蒸潮熱。,苦、甘，寒。,均以質硬、條肥大、斷面黃白色者為佳。,該品呈長條狀，微彎曲，略扁，偶有分枝，長3~15cm，直徑0.8~1.5cm，一端有淺黃色的莖葉殘痕。表面黃棕色至棕色，上面有一凹溝，具緊密排列的環狀節，節上密生黃棕色的殘存葉基，由兩側向根莖上方生長；下面隆起而略皺縮，並有凹陷或突起的點狀根痕。質硬，易折斷，斷面黃白色。氣微，味微甜、略苦，嚼之帶粘性。
0126,Coral Ardisia Root,朱砂根,行血祛風，解毒消腫。用於上呼吸道感染，咽喉腫痛，扁桃體炎，白喉，支氣管炎，風濕性關節炎，腰腿痛，跌打損傷，丹毒，淋巴結炎；外用治外傷腫痛，骨折，毒蛇咬傷。,苦、辛，平。,以條粗、皮厚者為佳。,根簇生於略膨大的根莖上，呈圓柱形，略彎曲，長5~25cm，直徑2~10mm。表面棕褐色或灰棕色，具多數縱皺紋及橫向或環狀斷裂痕，皮部與木部易分離。質硬而脆，易折斷，折斷面不平坦，皮部厚，約占斷面的一半，類白色或淺紫紅色，木部淡黃色。氣微，味微苦、辛，有刺舌感。
0127,Redroot Gromwell,紫草,涼血，活血，解毒透疹。用於血熱毒盛、斑疹紫黑、麻疹不透、瘡瘍、濕疹、水火燙傷。清熱涼血，用於麻疹，熱病癍疹，濕疹，尿血，血淋，血痢，瘡瘍，丹毒，燒傷，熱結便秘。,甘、鹹、微酸，寒。,以條粗、皮厚、紫色者為佳。,內蒙紫草：皮部略薄，常數層相疊，易剝離，質硬而脆，斷面較整齊，木部較小。
0128,Tatarian Aster Root and Rhizome,紫菀,潤肺下氣，消痰止咳。用於痰多喘咳、新久咳嗽、勞嗽咳血。,辛、苦，溫。,以根長、紫紅色、無雜質、質柔韌者為佳。,根莖不規則塊狀，大小不一，頂端有莖、葉的殘基，下端偶有末除盡的母根，質梢硬。根莖簇生多數細根，長3~15cm，直徑0.1~0.3cm，多編成辮狀；表面紫紅色或灰紅色，有縱皺紋；質較柔韌。氣微香，味甜、微苦。
0129,Liquorice Root,甘草,益氣補中，清熱解毒，祛痰止咳，緩急止痛，調和藥性。,甘，平。,以皮細緊、色紅棕、質堅實、斷面色黃白、粉性足者為佳。,圓柱形，外皮鬆緊不一。表面紅棕色或灰棕色，具顯著的縱皺紋、溝紋、皮孔及稀疏的細根痕。質堅實，斷面略顯纖維性，黃白色，粉性。根莖表面有芽痕，斷面中部有髓。氣微，味甜而特殊。飲片為斜切片。
0130,Tuber Fleeceflower Root,何首烏,解毒，消癰，截瘧，潤腸通便。用於瘡癰，瘰鬁，風疹疲癢，久瘧體虛，腸燥便秘。,苦、甘、澀。,以體重，質堅實為佳。,團塊狀或不規則紡錘形。表面紅棕色或紅褐色，皺縮不平，有淺溝，並有橫長皮孔樣突起和細根痕。體重，質堅實，不易折斷。斷面淺黃棕色或淺紅棕色，顯粉性，皮部有4~11個類例形異型維管束環列，形成雲錦狀花紋，中央水部較大，有的呈木心。氣微，味微苦而甘澀。
0131,Chinese Clematis Root and Rhizome,威靈仙,祛風濕，通經絡。用於風濕痹痛，肢體麻木，筋脈拘攣，屈伸不利。,辛、咸、溫。,以條粗、皮厚者為佳。,東北鐵線蓬：根莖呈柱狀，表面棕黑色；斷面木部近圓形，味辛辣。
0132,Ternate Pinellia,半夏,燥濕化痰，降逆止嘔，消痞散結。用於濕痰寒痰，咳喘痰多，痰飲 眩悸，風痰眩暈，痰厥頭痛.嘔吐反胃.胸院痞悶，梅核氣；外治痛腫痰核。,辛、溫，有毒。,以個大、皮淨、色白、質堅實、粉性足者為佳。,本品呈類球形，有的稍偏斜，表面白色或淺黃色，頂端有凹陷的莖痕，周圍密佈麻點狀根痕；下面鈍圓，較光滑。質堅實、斷面潔白，富粉性。氣微，味辛辣、麻舌而刺喉。
0133,Sharpleaf Uncaria Stem with Hools,鉤藤,清熱平肝；熄風止痙。小兒驚風；夜啼；熱盛動風；子癇；肝陽眩暈；肝火頭脹痛。,甘，涼。,以莖細、帶雙鉤、鉤結實、光滑、紫紅色者為佳。,莖枝圓柱形或類方柱形，直徑2~6mm。表面紅棕色至紫棕色或棕褐色，上有細縱紋，無毛。莖上具略突起的環節，對生兩個向下彎曲的鉤或僅一側有鉤，鉤長1~2cm，形如船鋪，先端漸尖，基部稍圓。鉤基部的枝上可見葉柄脫落後凹點及環狀的托葉痕。體輕，質硬。橫截面外層棕紅色，髓部淡棕色或淡黃色。氣微，味淡。
0134,Ovientvine Stem,青風藤,祛風濕，通經絡，利小便。用於風濕痹痛，關節腫脹，麻痹瘙癢。,苦、辛，平。,以外皮綠褐色、條均勻者為佳。,呈細長圓柱形，直徑5~20mm，外表灰褐色或棕褐色，有縱皺及橫向皮孔，節處膨大。體輕，質堅實而脆，易折斷，斷面灰黃色或淡灰棕色，不平坦。橫切面韌皮部很窄，木質部導管與射線呈放射狀排列，導管較大，中央為圓形的髓。氣弱，味苦。
0135,Sargenrgloryvine,大血藤,敗毒消癰，活血通絡，祛風殺蟲的作用。治急、慢性闌尾炎，風濕痹痛，赤痢，血淋，月經不調，疳積，蟲痛，跌撲損傷。,苦、平。,以條勻、徑粗者佳。,乾燥莖呈圓柱形，略彎曲，通常截成長約30cm的段狀，直徑1~3cm。外表棕色或灰棕色，粗糙，具有淺的縱槽紋及明顯的橫裂紋，有時可見膨大的節部及略凹陷的枝痕或葉柄痕，栓皮常呈鱗片狀開裂，脫落處露出淡紅棕色的內皮部。質堅韌，有彈性，折斷面裂片狀；平整的橫切面，本質部黃白色，導管呈細孔狀，髓射線棕紅色，放射狀排列。氣異香，味淡微澀。
0136,Armand Clematis Stem,川木通,清熱利尿，通經下乳。用於水腫、淋病，小便不通，關節痹痛，經閉乳少。,淡、苦，寒。,以斷面黃白色者為佳。,呈長圓柱形，略扭曲，長50~100cm，直徑2~3.5cm。表面黃棕色或黃褐色，有縱向凹溝及棱線；節處多膨大，有葉痕及側枝痕。殘存皮部易撕裂。質堅硬，不易折斷。切片厚0.2~0.4cm，邊緣不整齊，殘存皮部黃棕色，木部淺黃棕色或淺黃色，有黃白色放射狀紋理及裂隙，其間佈滿導管孔，髓部較小，類白色或黃棕色，偶有空腔。
0137,Sappan Wood,蘇木,血祛瘀，消腫定痛。主婦人血滯經閉，痛經，產後瘀阻心腹痛，產後血暈，癰腫，跌打損傷，破傷風 。,甘、咸，平。,以堅實、粗大、色黃紅者為佳。,呈長圓柱形或對剖半圓柱形，長10~100cm，直徑3~12cm。表面黃紅色至暗紅色，可見紅白相間的細條紋，具刀削痕和枝痕，常見縱向裂緩。橫斷面略具光澤，年輪明顯，有的可見暗棕色、質松、帶亮點的髓部。質堅硬。無臭，味徽澀。
0138,Cassiabarktree Twig,桂枝,發汗解肌，溫通經脈，助陽化氣，平沖降氣。用於風寒感冒，脘腹冷痛，血寒經閉，關節痹痛，痰飲，水腫，心悸，奔豚。,辛、甘，溫。,以枝條細嫩均勻、棕黃色、氣香濃者為佳。,呈長圓柱形，多分枝，長30~75cm，粗端直徑0.3~1cm。表面紅棕色至棕色，有縱棱線、細皺紋及小疙瘩狀的葉痕、枝痕、芽痕，皮孔點狀。質硬而脆，易折斷。切片厚2~4mm，斷面皮部紅棕色，木部黃白色至淺黃棕色，髓部略呈方形。有特異香氣，味甜、微辛，皮部味較濃。
0139,Rosewood Heart Wood,降香,行氣活血，止痛，止血。用於脘腹疼痛，肝鬱脅痛，胸痹刺痛，跌撲損傷，外傷出血。,辛，溫。,以堅實、富有性、香氣濃、紫紅色者為佳。,該品呈類圓柱形或不規則塊狀。表面紫紅色或紅褐色，切面有緻密的紋理。質硬，有油性。氣微香，味微苦。
0140,Chinese Fevervine Herb and Root,雞屎藤,祛風除濕；消食化積；解毒消腫；活血止痛。主治風濕痹痛；食積腹脹；小兒疳積；腹瀉；痢疾；中暑；黃疸；肝炎；肝脾腫大；咳嗽；瘰鬁；腸癰；無名腫毒；腳濕腫爛；燙火傷；濕疹；皮炎；跌打損傷；蛇蛟蠍螫。,甘、酸，平。,以條勻、葉多、氣濃者為佳。,雞矢藤莖呈扁圓柱形，稍扭曲，無毛或近無毛，老黃牛莖灰棕色，直徑3~12mm，栓皮常脫落，有縱皺紋及葉柄斷痕，易折斷，斷面平坦，灰黃色；嫩莖黑褐色，直徑1~3mm，質韌，不易折斷，斷面纖維性，灰白色或淺綠色。葉對生，多皺縮或破碎，完整者展平後呈寬卵形或披針形，長5~15cm，寬2~6cm，先端尖，基部楔形，圓形或淺心形，全緣，綠褐色，兩面無柔毛或近無毛；葉柄長1.5~7cm，無毛或有毛。聚傘花序頂生或腋生，前者多帶葉，後者疏散少花，花序軸及花均被疏柔毛，花淡紫色。氣特異，味微苦、澀。
0141,Suberect Spatholobus Stem,雞血藤,補血，活血，通絡。用於月經不調，血虛萎黃，麻木癱瘓，風濕痹痛。,苦、甘，溫。,以樹脂分泌物多者為佳。,該品為橢圓形、長矩圓形或不規則的斜切片，厚0.3~1cm。栓皮灰棕色，有的可見灰白色斑，栓皮脫落處現紅棕色。切面木部紅棕色或棕色，導管孔多數；韌皮部有樹脂狀分泌物呈紅棕色至黑棕色，與木部相間排列呈3~8個偏心性半圓形環；骨部偏向一側。質堅硬。氣微，味澀。
0142,Chinese Starasmine Stem,絡石藤,祛風通絡，涼血消腫。用於風濕熱痹，筋脈拘攣，腰膝酸痛，喉痹，癰腫，跌撲損傷。,苦，微寒。,以葉多、色綠者為佳。,本品莖呈圓柱形，彎曲，多分枝，長短不一，直徑1~5mm；表面紅褐色，有點狀皮孔及不定根；質硬，斷面淡黃白色，常中空。葉對生，有短柄；展平後葉片呈橢圓形或卵狀披針形，長1~8cm，寬0.7~3.5cm；全緣，略反卷，上表面暗綠色或棕綠色，下表面色較淡，革質。氣微，味微苦。
0143,Akabia Stem,木通,清熱利尿；活血通脈。主小便赤赤；淋濁；水腫；胸中煩熱；喉喉疼痛；口舌生瘡；風濕痹痛；乳汁不通；經閉；痛經。,苦，微寒。,以條粗、均勻者為佳。,白木通藤莖直徑5~8mm。表面黃棕色或暗棕色，有不規則縱溝紋；有枝痕。質堅韌，難折斷，斷面木部淡黃色，導管細密，排列不規則，射線約13條，淺黃色放射狀，髓類圓形。氣微，味徽苦。
0144,Japanese Honeysuckle Stem,忍冬藤,清熱解毒，疏風通絡。用於溫病發熱，熱毒血痢，癰腫瘡瘍，風濕熱痹，關節紅腫熱痛。,甘，寒。,以枝條均勻、嫩枝稍有毛、外皮棗紅色、質嫩帶葉者為佳。,該品呈長圓柱形，多分枝，常纏繞成束，直徑1.5~6mm。表面棕紅色至暗棕色，有的灰綠色，光滑或被茸毛；外皮易剝落。枝上多節，節間長6~9cm，有殘葉及葉痕。質脆，易折斷，斷面黃白色，中空。無臭，老枝味微苦，嫩枝味淡。
0145,Chinese Taxillus Herb,桑寄生,祛風濕，益肝腎，強筋骨，安胎。,苦、甘，平。,以紅褐色、枝細嫩、葉多者為佳。,莖枝呈圓柱形，長3~4cm，直徑0.2~1cm；表面紅褐色或灰色，具細縱紋，並有眾多細小皮孔，小枝有棕紅色細毛。有時逞葉，多捲縮，完整者呈卵圓形，全緣，棕色，革質，幼葉亦被棕紅色細毛。莖堅硬，斷面不整齊，皮部紅棕色，木櫚色較淺。無臭，味澀。
0146,Mulberry Twig,桑枝,祛風濕，利關節，行水氣。主治風寒濕痹，四肢拘攣，腳氣浮腫，肌體風癢。,苦，平。,以質嫩、斷面黃白色者為佳。,乾燥的嫩枝呈長圓柱形，長短不一，直徑0.5~lcm。外表灰黃色或灰褐色，有多數談褐色小點狀皮孔及細縱紋，並可見灰白色半月形的葉痕和棕黃色的葉芽。質堅韌，有彈性，較難折斷，斷面黃白色，纖維性。斜片呈橢圓形，長約2mm。切面皮部較薄，木部黃白色，射紋細密，中心有細小而綿軟的髓。有青草氣，味淡略粘。
0147,Rice Paper Plant Pith,通草,清熱利濕；通乳，用於淋症澀痛；小便不利；水腫；黃疸；濕溫病；小便短赤；產後乳少；經閉；帶下。,甘、淡，微寒。,以條粗壯、色潔白、有彈性、空心有隔膜者為佳。,莖賄呈圓柱形，長20~40cm，直徑1~2.5cm。表面白色或淡黃色，有淺縱溝紋。體輕，質鬆軟，稍有彈性，易折斷，斷面平坦，顯銀白色光澤，中內有直徑0.3~1.5cm的空心或半透明的薄膜，縱剖面呈梯狀排列，實心者 (僅在細小莖賄中的某小段) 少見。無臭，無味。
0148,Sandalwood,檀香,行氣溫中，開胃止痛。用於寒凝氣滯，胸痛，腹痛，胃痛食少；冠心病，心絞痛。,辛，溫。,以體重、堅實、顯油蹟、香氣濃者為佳。,本品為長短不一的圓柱形木段，有的略彎曲，一般長約1m，直徑10~30cm。外表面灰黃色或黃褐色，光滑細膩，有的具疤節或縱裂，橫截面呈棕黃色，顯油蹟；棕色年輪明顯或不明顯，縱向劈開紋理順直。質堅實，不易折斷。氣清香，燃燒時香氣更濃；味淡，嚼之微有辛辣感。飲片多為捲曲或破碎的刨片，表面灰黃色，較粗糙，有細緻的刨裂紋。
0149,Bamboo Shavings,竹茹,清熱化痰，除煩止嘔。用於痰熱咳嗽、膽火挾痰、煩熱嘔吐、驚悸失眠、中風痰迷、舌強不語、胃熱嘔吐、妊娠惡阻、胎動不安。,甘，微寒。,以身乾、黃綠色、細絲均勻、質柔軟者為佳。,本品呈不規則的絲狀或薄帶狀，常捲曲扭縮而纏結成團或作創花狀，長短不一，寬0.5~0.7cm，厚0.3~0.5cm。全體淡黃白色、淺綠色、青黃色、灰黃色、灰黃綠色、黃而韌，有彈性。氣稍清香，味微甜。
0150,Cutivated Purple Perilla Stem,紫蘇梗,理氣寬中，止痛，安胎。用於胸膈痞悶，胃脘疼痛，噯氣嘔吐，胎動不安。,辛，溫。,以外皮紫棕色、有香氣者為佳。,本品呈方柱形，四棱鈍圓，長短不一，直徑0.5~1.5cm。表面紫棕色或暗紫色，四面有縱溝及細縱紋，節部稍膨大，有對生的枝痕和葉痕。斷面裂片狀。切片厚2~5mm，常呈斜長方形，木部黃白色，射線細密，呈放射狀，髓部白色。
0151,Chinese Honeylocust Spine,皂角刺,消腫托毒，排膿，殺蟲。用於痛疽初起或膿成不潰；外治疥癬麻風。,辛，溫。,以片薄、純淨、無核梗、色棕紫、切片中間棕紅色、慷心者為佳,本品為主刺及1~2次分枝的棘刺。主刺長3~15cm或更長，直徑0.3~1cm；分枝刺長1~6cm，刺端銳尖。表面紫棕色或棕褐色。體輕，質堅硬，不易折斷。切片厚0.1~0.3cm，常帶有尖細的刺端；木部黃白色，髓部疏鬆，淡紅棕色；質脆，易折斷。氣微，味淡。
0152,White Hyacinth Bean,白扁豆,補脾和中，化濕消暑。用於脾胃虛弱、食欲不振、大便溏瀉、白帶過多、暑濕吐瀉、胸悶腹脹。,甘，微溫。,以粒大、飽滿、色白者為佳。,種子扁橢圓形或扁卵圓形，長0.8~1.3cm，寬6~9mm，厚約7mm。表面淡黃白色或淡黃色，平滑，稍有光澤，有的可見棕褐色斑點，一側邊緣有隆起的白色半月形種阜。長7~10mm，剝去後可見凹陷的種臍，緊接種阜的一端有珠孔，另端有種脊。質堅硬，種皮薄而脆，子葉2片，肥厚，黃白色。氣微，味淡，嚼之有豆腥氣。
0153,Ginkgo Seed,白果,斂肺定喘；止帶縮尿。哮喘痰嗽；白帶；白濁；遺精；尿頻；無名腫毒； 皶鼻。,甘、苦、澀，平，有小毒。,以殼色黃白、種仁飽滿，斷面色淡黃者為佳。,除去外種皮的種子卵形或橢圓形，長1.5~3cm，寬1~2.2cm。外殼 (中種皮) 骨質，光滑，表面黃白色或淡棕黃色，基部有一圓點狀突起，邊緣各有1條棱線，偶見3條棱線。內種皮膜質，紅褐色或淡黃棕色。種仁扁球形，淡黃色，胚乳肥厚，粉質，中間有空隙；胚極小。氣無，味微甘、苦。
0154,Chinese Arborvilae Seed,柏子仁,養心安神，潤腸通便。用於虛煩不眠，心悸怔忡，腸燥便秘等症。,甘，平。,以粒大，飽滿、油性大而不泛油、無皮殼雜質、黃白色者為佳。,長卵形或長橢圓形，長0.3~0.7cm，直徑0.1~0.3cm。新貨黃白色或淡黃色，久置陳貨則呈黃棕色，並有油點滲出。種仁外面常包有薄膜質的種皮，頂端略尖，圓三棱形，基部鈍圓。質軟油潤，斷面黃白色，胚乳較多，子葉2枚，均含豐富的油質。氣微香，味淡而有油膩感。
0155,Truestar Anise,八角茴香,散寒；理氣；止痛。用治寒疝腹痛；腰膝冷痛；胃寒嘔吐；脘腹疼痛；寒濕腳氣。,辛，溫。,以色黃、個大、飽滿、油多者為佳。,聚合果約由8個 (稀5~13個) 蓇葖果聚成，各分果近等大，放射狀排列於中軸上，蓇葖果長1~2cm，高0.5~1cm，外表面棕褐色或紅褐色，有不規則皺紋，頂端鈍或鈍尖，果皮較厚，上側多開裂成小艇形；內表面淡棕色，有光澤。每個蓇葖果含種子1粒，扁卵圓形，紅棕色或灰棕色，有光澤。果梗長3~4cm，彎曲，常脫落。氣芳香，味辛、甜。
0156,Long Pepper Fruit,蓽茇,溫中散寒，下氣止痛。用於脘腹冷痛、嘔吐、泄瀉、偏頭痛、鼻淵、外治牙痛、冠心病、心絞痛。治心腹冷痛，嘔吐吞酸，腸鳴泄瀉，冷痢，陰疝，頭痛，鼻淵，齒痛。,辛，熱。,以飽滿肥大、堅實、黑褐色、斷面稍紅、氣味濃者為佳。,呈圓柱形，稍彎曲，由多數小漿果集合而成，長1.5~3.5cm，直徑0.3~0.5cm。表面黑褐色或棕色，有斜向排列整齊的小突起，基部有果穗梗殘存或脫落。質硬而脆，易折斷，斷面不整齊，顆粒狀。小漿果球形，直徑約0.1cm，斷面顆粒狀。有特異香氣，味辛辣。
0157,Castorbean,蓖麻子,消腫拔毒，瀉下通滯。用於癰疽腫毒，喉痹，大便燥結等症狀。,甘、辛，平。,以飽滿粒大、有光澤者為佳。,本品呈橢圓形或卵形，稍扁，長0.9~1.8cm，寬0.5~1cm。表面光滑，有灰白色與黑褐色或黃棕色與紅棕色相間的大理石樣“斑紋”。一面較平，一面較隆起，較平的一面有1條隆起的種脊；一端有灰白色或淺棕色突起的種阜。種皮薄而脆。胚乳肥厚，白色，富油性，菲薄，無臭，味微苦辛。
0158,Betelnutpalm Seed,檳榔,驅蟲；消積；下氣；行水；截瘧。蟲積；食滯；脘腹脹痛；瀉痢後重；腳氣；水腫；瘧疾。,苦、辛，溫。,以果大體重、堅實、不破裂者為佳。,乾燥種子呈圓錐形或扁圓球形，高1.5~3cm，基部直徑2~3cm，表面淡黃棕色或黃棕色，粗糙，有顏色較淺的網形凹紋，並偶有銀色斑片狀的內果皮附著。基部中央有圓形凹陷的珠孔，其旁有淡色的疤痕狀的種臍。質堅實，縱剖面可見外緣的棕色種皮向內褶入，與乳白色的胚乳交錯，形成大理石樣花紋。基部珠孔內側有小形的胚，常呈棕色，乾枯皺縮不顯。氣無，味澀而微苦
0159,Malaytea Scurfpea Fruit,補骨脂,補腎助陽；納氣平喘；溫脾止瀉。主腎陽不足；下元虛冷；腰膝冷痛；陽痿遺精；尿頻；遺尿；腎不納氣；虛喘不止；脾腎兩虛；大便久瀉；白癜風；斑禿；銀屑病。,辛、苦，溫。,以粒大、飽滿、黑色者為佳。,果實扁圓狀腎形，一端略尖，少有宿萼。懷補骨脂長4~5.5mm，寬約2~4mm，厚約1mm；川補骨脂較小。表面黑棕色或棕褐色，具微細網紋，在放大鏡下可見點狀凹凸紋理。質較硬脆，剖開後可見果皮與外種皮緊密貼生，種子凹側的上端略下處可見點狀種臍，另一端有合點，種脊不明顯。外種皮較硬，內種皮膜質，灰白色；子葉2枚，肥厚，淡黃色至淡黃棕色，陳舊者色深，其內外表面常可見白色物質，於放大鏡下觀察為細小針晶；胚很小。宿萼基部連合，上端5裂，灰黃色，具毛茸，並密佈褐色腺點。氣芳香特異、味苦微辛。
0160,Katsumada Galangal Seed,草豆蔻,化濕消痞，行氣溫中，開胃消食。用於濕濁中阻，不思飲食，濕溫初起胸悶不饑，寒濕嘔逆，胸腹脹痛，食積不消。,辛，溫。,以種子飽滿、堅實、類球形、氣濃者為佳。,該品為類球形的種子團，直徑1.5~2.7cm。表面灰褐色，中間有黃白色的隔膜，將種子團分成3 瓣，每瓣有種子多數，粘連緊密，種子團略光滑。種子為卵圓狀多面體，長3~5mm，直徑約3mm，外被淡棕色膜質假種皮，種脊為一條縱溝，一端有種臍；質硬，將種子沿種脊縱剖兩瓣，縱斷面觀呈斜心形，種皮沿種脊向內伸入部分約占整個表面積的1/2 ；胚乳灰白色。氣香，味辛，微苦。
0161,Tsaoko Amomum Fruit,草果,燥濕除寒，祛痰截瘧，消食化食。主治瘧疾，痰飲痞滿，脘腹冷痛，反胃，嘔吐，瀉痢，食積。,辛，溫。,以個大、飽滿、色紅棕、氣味濃行為佳。,果實橢圓形，長2~4.5cm，直徑1~2.5cm，表面棕色或紅棕色，具3鈍棱及明顯的縱溝及棱線，先端有圓形突起的柱基，基部有果柄或果柄痕，果皮堅韌，內分3室，每室含種子7~24粒，種子集結成團。種子多面形，直徑5~7mm，黃棕色或紅棕色，具灰白色膜質假種皮，中央有凹陷合點，較狹端腹面有圓窩狀種臍，種脊凹陷成1縱溝。氣芳香，味辛、辣。
0162,Tangerine Peel,陳皮,理氣健脾，燥濕化痰。用於胸脘脹滿，食少吐瀉，咳嗽痰多。,苦、辛，溫。,以皮張大、完整、色鮮豔油潤、香氣濃者佳。,常剝成數瓣，基部相連，有的呈不規則的片狀，厚1~4mm。外表面橙紅色或紅棕色，有細皺紋及凹下的點狀油室；內表面淺黃白色，粗糙，附黃白色或黃棕色筋絡狀維管束。質稍硬而脆。氣香，味辛、苦。廣陳皮：常3瓣相連，形狀整齊，厚度均勻，約1mm。點狀油室較大，對光照視，透明清晰。質較柔軟。
0163,Asiatic Plantain Seed,車前子,清熱利尿；滲濕止瀉；明目；祛痰。主小便不利；淋濁帶下；水腫脹滿；暑濕瀉痢；目赤障翳；痰熱咳喘。,甘、淡，微寒。,以粒大、均勻飽滿、色棕紅者為佳。,種子略呈橢圓形或不規則長圓形，稍扁，長約2mm，寬約1mm。表面淡棕色或棕色，略粗糙不平。於擴大鏡下可見微細縱紋，于稍平一面的中部有淡黃色凹點狀種臍。質硬，切段面灰白色。種子放入水中，外皮有粘液釋出。氣微，嚼之帶粘液性。
0164,Rice Bean,赤小豆,利水除濕，和血排膿，消腫解毒。治水腫，腳氣，黃疸，瀉痢，便血，癰腫。,甘、酸，平。,以身乾，顆粒飽滿，色赤紅發暗者為佳。,乾燥種子略呈圓柱形而稍扁，長5~7mm，直徑約3mm，種皮赤褐色或紫褐色，平滑，微有光澤，種臍線形，白色，約為全長的2/3，中間凹陷成一縱溝，偏向一端，背面有一條不明顯的棱脊。質堅硬，不易破碎，除去種皮，可見兩瓣乳白色於仁。氣微，嚼之有豆腥味。
0165,Common Motherwort Fruit,茺蔚子,活血調經、清肝明目的功能。生茺蔚子長於清肝明目。用於目赤腫痛或目生翳膜。,辛、苦，微寒。,以飽滿粒大者為佳。,呈三棱形，長2~3mm，寬約1.5mm。表面灰棕色至灰褐色，有深色斑點，一端稍寬，平截狀，另一端漸窄而鈍尖。果皮薄，子葉類白色，富油性。無臭，味苦。
0166,Papermulberry Fruit,楮實子,補腎清肝、明目、利尿。用於腰膝酸軟、虛勞骨蒸、頭暈目昏、目生翳膜、水腫脹滿。,甘，寒。,以色紅、子老、無雜質者為佳。,小瘦果扁圓形或扁卵形，長約2mm，寬1.5~2mm。表面橙紅色或棕紅色，有微細網狀紋理或顆料狀突起，一側邊具凹溝，另側邊具棱線，基部有子房殘痕。質硬，內含種子1粒；種皮紅棕色，種仁白色，油質。味淡。
0167,Areca Peel,大腹皮,下氣寬中，行水消腫之功效。現代研究，該品有興奮胃腸道平滑肌、促胃腸動力作用，並有促進纖維蛋白溶解等作用。,辛，微溫。,以色黃白、質柔韌、無雜質者為佳。,略呈橢圓形或長卵形瓢狀，長4~7cm，寬2~3.5cm，厚0.2~0.5cm。 外果皮深棕色至近黑色，具不規則的縱皺紋及隆起的橫紋，頂端有花柱殘痕，基部有果梗及殘存萼片。內果皮凹陷，褐色或深棕色、光滑呈硬殼狀。體輕，質硬，縱向撕裂後可見中果皮纖維。氣微，味微澀。
0168,Fermented Soybean,淡豆豉,解肌發表；宣鬱除煩。主治外感表證；寒熱頭痛；心煩；胸悶；虛煩不眠。,辛、甘、微苦，寒。,以柔軟、無糟粒、香氣濃郁者為佳。,該品呈橢圓形，略扁，長0.6~1cm，直徑0.5~0.7cm。表面黑色，皺縮不平。質柔軟，斷面棕黑色。具有膜狀種皮，氣香，味微甘。
0169,Sword Jackbean Seed,刀豆,溫中下氣。利腸胃，止嘔吐，益腎補元氣。,甘，溫。,以粒大飽滿、色淡紅者為佳。,乾燥種子扁腎形或扁橢圓形，長2.5~3.5cm，寬1~2cm，厚0.5~2cm。表面淡紅色或紅紫色，略有光澤。邊緣有灰黑色線形種臍，長1.5~2cm，寬約2mm，種臍上有白色膜狀珠柄殘餘；近種臍一端有凹點狀的珠孔，另端有深色合點，種臍與合點間有隆起的種脊。種皮革質，內表面棕綠色而光亮；子葉兩片，黃白色，油潤。無臭，味淡嚼之有豆腥氣。
0170,Rice - grain Sprout,稻芽,消食和中，健脾開胃。用於食積不消，腹脹口臭，脾胃虛弱，不饑食少。炒稻芽偏於消食。用於不饑食少。焦稻芽善化積滯。用於積滯不消。,甘，溫。,以身乾、粒飽滿、大小均勻、色黃、無雜質者為佳。,稻芽呈扁長橢圓形，兩端略尖，長7~9mm，直徑約3mm。外稃黃色，有白色細茸毛，具5脈。一端有2枚對稱的白色條形漿片，長2~3mm，於一個條形漿片內側伸出彎曲的鬚根1~3條，長0.5~1.2cm。質硬，斷面白色，粉性。無臭，味淡。
0171,Common Jujube,大棗,補中益氣，養血安神。用於脾虛食少，乏力便溏，婦人臟躁。,甘，溫。,以個大、色紅、肉質油潤者為佳。,本品呈橢圓形或球形，長2~3.5cm，直徑1.5~2.5cm。表面暗紅色，略帶光澤，有不規則皺紋。基部凹陷，有短果梗。外果皮薄，中果皮棕黃色或淡褐色，肉質，柔軟，富糖性而油潤。果核紡錘形，兩端銳尖，質堅硬。氣微香，味甜。
0172,Belvedere Fruit,地膚子,清熱利濕，祛風止癢。用於小便澀痛、陰癢帶下、風疹、濕疹、皮膚瘙癢。,辛、苦，寒。,以灰綠色、飽滿者為佳。,呈扁球狀五角星形，直徑1~3mm。外被宿存花被，表面灰綠色或淺棕色，周圍具膜質小翅5枚，北面中心有微突起的點狀果梗痕及放射狀脈紋~10條；剝離花被，可見膜質果皮，半透明。種子扁卵形，長約1mm，黑色。氣微，味微苦。
0173,Cluster Mallow Fruit,冬葵果,行水滑腸，通乳，清熱排膿。,甘，寒。,以顆粒飽滿、堅老者為佳。,乾燥果實呈扁球狀盤形，由10~12枚分果瓣組成，果梗細短。分果瓣類扁圓形，具環向細脈紋，表面黃白或黃棕色。種子呈圓形扁平之橘瓣狀，或微呈腎形，細小，直徑約1.5~2mm，較薄的一邊中央凹下，外表為棕黃色的包殼 (果皮)，具環形細皺紋，搓去皮殼後，種子呈棕褐色。質堅硬，破碎後微有香味。
0174,Whitefruit Amomim Fruit,豆蔻,化濕消痞，行氣溫中，開胃消食。用於濕濁中阻，不思飲食，濕溫初起，胸悶不饑，寒濕嘔逆，胸腹脹痛，食積不消。,辛，溫。,以個大、飽滿、質結實、氣味濃者為佳。,種子類球形或橢圓形，具較明顯的3鈍棱及3淺溝，長1.5~3cm，直徑1.5~3cm；表面灰棕色或黃棕色；中間有黃白色或淡棕色隔膜分成3室，每室有種子22~90 (~110) 顆，不易散開。種子葉卵圓狀多面體，長3~5mm，直徑2.5~3mm，背面稍隆起，較厚一端有圓窩狀種臍，合點位於較扁端的中央微凹處，腹面有一縱溝，淡褐色種脊沿著縱溝自種臍直達合點，沿合點再向背面也有一縱溝，溝的末端不達種臍。質硬，斷面乳白色。氣芳香，味辛、辣。
0175,Grand Torreya,榧子,殺蟲，消積，潤燥。治蟲積腹痛，小兒疳積，燥咳，便秘，痔瘡。,甘，平。,以個大、殼薄、種仁黃白色、不泛油、不破碎者為佳。,乾燥的種子呈卵圓形，長2~4cm，表面灰黃色或淡黃棕色，有縱皺紋，一端鈍圓，有一橢圓形的疤痕，色較淡，在其兩側各有一個小突起，另一端稍尖，外殼質硬脆，破開後內面紅棕色，有麻紋。種仁卵圓形，皺而堅實，表面有灰棕色皺縮的薄膜，內胚乳白色或黃白色，有油性。氣微香，味微甜。
0176,Finger Citron Fruit,佛手,舒肝理氣，和胃止痛。用於肝胃氣滯，胸脅脹痛，胃脘痞滿，食少嘔吐。,辛、苦、酸，溫。,以片大而薄、黃皮白肉 (廣佛手) 或綠皮白肉 (川佛手) 、氣香甜者為佳。,該品為類橢圓形或卵圓形的薄片，常皺縮或捲曲。長6~10cm，寬3~7cm，厚0.2~0.4cm。頂端稍寬，常有3~5個手指狀的裂瓣，基部略窄，有的可見果梗痕。外皮黃綠色或橙黃色，有皺紋及油點。果肉淺黃白色，散有凹凸不平的線狀或點狀維管束。質硬而脆，受潮後柔韌。氣香，味微甜後苦。
0177,Mongolian Snakegourd Fruit,瓜蔞,潤肺，化痰，散結，潤腸。治痰熱咳嗽，胸痹，結胸，肺痿咳血，消渴，黃疸，便秘，癰腫初起。,甘、苦，寒。,以顆粒飽滿、淡黃白色、整齊不碎、不出油、無核殼者為佳。,果實呈卵狀扁平橢圓形，長11~16mm，寬6~12mm，厚2~3.5mm。表面淺棕色至棕褐色，平滑，邊緣有一圈溝紋，頂端尖有種臍，基部鈍圓或較狹。種皮堅硬，剖開後可見內種皮膜質，色灰白至灰綠色，含兩片黃白色子葉，富油性。瓜蔞子內種皮白色，外種皮棕褐色，子夜2。
0178,Foxtail Millet Sprout,穀芽,消食化積；健脾開胃。用於食積停滯；脹滿泄瀉；脾虛少食；腳氣浮腫。,甘，溫。,以個大、充實、胚芽完整、淡黃色者為佳。,果實呈稍扁的長橢圓形，頂部略尖，基部鈍圓。長6~9mm，寬約3mm。外種堅硬，表面黃色，具短細毛，有脈5條。基部有白色線形的漿片2枚，長約2mm，淡黃色，膜質，由一側的漿片內伸出淡黃色彎曲的初生細鬚根，一側有芽。內釋薄膜狀，光滑，黃白色，內藏果實，質堅，斷面白色，有粉性。氣無，味微甜。
0179,Common Carpesium Fruit,鶴虱,殺蟲，清熱解毒，健脾和胃。治蟲積腹痛，陰道滴蟲。,苦、辛，平，有小毒。,以身均勻飽滿、嚼之有顆粒性、表面有光澤者為佳。,呈圓柱狀，細小，長3~4mm，直徑不及1mm。表面黃褐色或暗褐色，具多數縱棱。一端收縮呈細喙葉，先端擴展成灰白色圓環；另端稍尖，有著生痕跡。果皮薄，纖維性，種皮菲薄透明，子葉2，類白色，稍有油性。氣特異，味微苦。
0180,Medicine Terminalia,訶子,斂肺；澀腸；下氣；利咽，清涼解毒。主治久瀉；久痢；脫肛；喘咳痰嗽；久咳失音。,苦、酸、澀，平。,以棕黃色、個大、微皺而有光澤者為佳。,果實呈卵形或橢圓形，長2.4cm，直徑2~2.5cm。表面棕褐色，略具光澤，有5~6條縱菱形及不規則的皺紋，在縱棱線之間有1~2條明顯或不明顯的縱凸起，可見細密橫向紋理，基部有圓形果柄痕。質堅實，剖開後，果肉厚2~4mm，黃棕色或黃褐色。果核長l.5~2.5cm，淺黃色，粗糙，堅硬、種子一粒，狹長紡錘形，長約1cm，直徑2~4mm，膜質種皮黃棕色，子葉2，白色，相互重疊卷旋。無臭，味酸澀而後甜。
0181,Galanga Galangal Fruit,紅豆蔻,溫中燥濕；燥濕散寒，醒脾消食。用於脘腹冷痛、食積脹滿、嘔吐泄瀉、飲酒過多。用於脘腹冷痛；食積腹脹，嘔吐泄瀉；噎膈反胃 。,辛，溫。,以粒大、飽滿、氣味濃者為佳。,果實長圓形，中部稍收縮，長0.7~1.5cm，直徑0.4~1cm，表面紅棕色或淡紅棕色，光滑或皺縮，先端有突出的花被殘基，基部有果柄痕；果皮薄；易碎。種子呈三角狀多面體，分3室，每室有種子2粒；種子呈不規則狀四面體，長4~6mm，直徑3~6mm，表面暗棕色或褐棕色，微有光澤，具不規則皺紋，外被淡黃色或灰黃色假種皮，背面有凹陷種臍，合點位於腹面，種脊成一淺縱溝。氣芳香而濃，味辛、辣。
0182,Bunge Pricklyath Pericarp,花椒,溫中止痛、殺蟲止癢的功能。生花椒有小毒，辛溫之性甚強，外用殺蟲止癢作用佳。用於疥瘡、濕疹或皮膚瘙癢。,辛，溫，有小毒。,以紫紅色、粒大、油性足、香氣濃者為佳。,蓇葖果多單生，直徑4~5mm。略呈球狀，裂開為兩瓣。外表面紫紅色或棕紅色，散有多數疣狀突起的油點，直徑0.5~1mm，對光觀察半透明；內表面淡黃色。香氣濃，味麻辣而持久。
0183,Tomentose Pummelo Peel,化橘紅,散寒，燥濕，利氣，消痰。用於風寒咳嗽、喉癢痰多、食積傷酒、嘔惡痞悶。,辛、苦，溫。,以個大、皮淨、色白、質堅實、粉性足者為佳。,藥材呈對折的七角或展開的五角星狀，單片呈柳葉形。完整者展開後直徑15~28cm，厚0.2~0.5cm。外表面黃綠色至黃棕色，有皺紋及小油室；內表面黃白色或淡黃棕色，有脈絡紋。質脆，易折斷。氣芳香，味苦、微辛。
0184,Black Pepper Fruit,胡椒,健胃進食，溫中散寒，止痛，脾胃虛寒，嘔吐，腹瀉。,辛，熱。,白胡椒以粒大、個圓、堅實、色白、氣味強烈者為佳。,白胡椒：由移除果皮的種子製成的。果核近圓球形，直徑3~6mm。最外為內果皮，表面灰白色，平滑，先端與基部間有多數淺色線狀脈紋。
0185,Common Fenugreek Seed,胡蘆巴,補腎陽，祛寒濕。治寒疝，腹脅脹滿，寒濕腳氣，腎虛腰酸，陽痿。,苦，溫。,以粒大、飽滿者為佳。,種子略呈斜方形或菱形，長3~5mm，寬2~3mm，厚約2mm。表面黃棕色或紅棕色，微有灰色短毛，兩側各有一深斜溝，兩溝相接處為種臍。質堅硬。氣香，味微苦。
0186,Indian Mustard Seed,芥子,溫肺豁痰利氣，散結通絡止痛。用於寒痰喘咳，胸脅脹痛，痰滯經絡，關節麻木、疼痛，痰濕流注，陰疽腫毒。,辛，溫。,以子粒飽滿、大小均勻、黃色或紅棕色者為佳。,黃芥子：較小，直徑1~2mm。表面黃色至棕黃色，少數呈暗紅棕色。研碎後加水浸濕，則產生辛烈的特異臭氣。
0187,Tuber Onion Seed,韭菜子,溫補肝腎，壯陽固精，暖腰膝。用於陽痿遺精，腰膝酸痛，遺尿尿頻，白濁帶下。,辛、甘，溫。,以色黑、子粒飽滿、無雜質者為佳。,成熟種子呈扁卵形或半卵形，長2~4mm，寬1.5~3mm，表面呈黑色，一面突起，粗糙，有細密網狀皺紋，另一面微凹，皺紋不顯。頂端鈍，基部略尖，可見一點狀突起的種臍。質硬，氣特異，味微辛。
0188,Sickle Senna Seed,決明子,清熱明目，潤腸通便。用於目赤澀痛，羞明多淚，頭痛眩暈，目暗不明，大便秘結。歸肝、腎、大腸經。有減肥之功效。治風熱赤眼，青盲，雀目，高血壓，肝炎，肝硬化腹水，習慣性便秘。,甘、苦、鹹，微寒。,以顆粒飽滿、色綠棕者為佳。,該品略呈四方形或短圓柱形，兩端近平行，稍傾斜，長3~7mm，寬2~4mm，綠棕色或暗棕色，平滑有光澤，背腹面各有1條突起的棱線，棱線兩側各有1條淡黃色的線形凹紋；質堅硬，不易破碎。橫切面可見薄的種皮和2片3形折曲的黃色子葉。氣微，味微苦。
0189,Garden Radish Seed,萊菔子,消食除脹，降氣化痰。用於飲食停滯、脘腹脹痛、大便秘結、積滯瀉痢、痰壅喘咳。,辛、甘，平。,以飽滿粒大、堅實、紅棕色者為佳。,種子類卵圓形或橢圓形，稍扁，長2.5~4mm，寬2~3mm。表面黃棕色、紅棕色或灰棕色，一端有深棕色圓形種臍，一側有數條縱溝。種皮薄而脆，子葉2，黃白色，有油性。味淡、微苦、辛。
0190,Weeping Forsythia Fruit,連翹,清熱解毒，消腫散結，疏散風熱，有“瘡家聖藥”之稱。治溫熱，丹毒，斑疹，癰瘍腫毒，瘰鬁，小便淋閉，清心火。,苦、微寒。,青翹以色綠、不開裂者為佳。,青翹：呈狹卵形至卵形，兩端狹尖，多不開裂。表面青綠色，綠褐色，有兩條縱溝和凸起小斑點，內有縱隔。質堅硬。氣芳香，味苦。間有殘留果柄。
0191,Dried Longan Pulp,龍眼肉,補益心脾，養血安神。用於氣血不足、心悸怔忡、健忘失眠、血虛萎黃。,甘，溫。,以片大、肉厚、質細軟、棕黃色者為佳。,為縱向破裂的不規則薄片，常數片粘結。長約1.5cm，寬2~4cm，厚約0.1cm。棕褐色，半透明，外表面皺縮不平，內面光亮而有細縱皺紋。質柔潤。氣微香，味甜。
0192,Beautiful Sweetgum Fruit,路路通,祛風活絡，利水通經。用於關節痹痛，麻木拘攣，水腫脹滿，乳少經閉。,苦，平。,以個大、黃色、無果梗者為佳。,本品為聚花果，由多數小蒴果集合而成，呈球形，直徑2~3cm。基部有總果梗 。表面灰棕色或棕褐色，有多數尖刺及喙狀小鈍刺，長0.5~1mm，常折斷，小蒴果頂部開裂，呈蜂窩狀小孔。體輕，質硬，不易破開。氣微，味淡。
0193,Barley Sprout,麥芽,行氣消食，健脾開胃，退乳消脹。用於食積不消，脘腹脹痛，脾虛食少，乳汗鬱積，乳房脹痛，婦女斷乳，生麥芽健脾和胃通乳。用於脾虛食少，乳汗鬱積。,甘，平。,以淡黃色、胚芽完整者為佳。,本品呈梭形，長8~12mm，直徑3~4mm。表面淡黃色，背面為外稃包圍，具5脈，先端長芒已斷落；腹面為內稃包圍。除去內外稃後，腹面有1條縱溝；基部胚根處生出幼芽及鬚根，幼芽長披針狀條形，長約0.5cm。鬚根數條，纖細而彎曲。質硬，斷面白色，粉性。無臭，味微甘。
0194,Sinplelaef Shrub Chastetree Fruit,蔓荊子,疏散風熱，清利頭目。用於風熱感冒頭痛，齒齦腫痛，目赤多淚，目暗不明，頭暈目眩。,辛、苦，微寒。,以粒大飽滿、氣味濃者為佳。,本品呈球形，直徑4~6mm。表面灰黑色或黑褐色，被灰白色粉霜狀茸毛，有縱向淺溝4條，頂端微凹，基部有灰白色宿萼及短果梗。萼長為果實的1/3~2/3，5齒裂，其中 2裂較深，密被茸毛。體輕，質堅韌，不易破碎。橫切面可見4室，每室有種子1枚。氣特異而芳香，味淡、微辛。
0195,Common Floweringquine Fruit,木瓜,平肝舒筋，和胃化濕。用於濕痹拘攣，腰膝關節酸重疼痛，吐瀉轉筋，腳氣水腫。,酸，溫。,以外皮皺縮、肉厚、堅實、內外紫紅色味酸者為佳。,本品為為長圓形，多縱剖為兩半。外表面紫紅色或者紅褐色，有不規則的深皺紋。剖面邊緣向內捲曲，果肉紅棕色，中心部分向下凹陷，為棕黃色。種子為扁長的三角形。飲片為條狀。
0196,Orange Magnoliavine Fruit,南五味子,收斂固澀，益氣生津，補腎寧心。用於久嗽虛喘，夢遺滑精，遺尿尿頻，久瀉不止，自汗，盜汗，津傷口渴，短氣脈虛，內熱消渴，心悸失眠。,酸、甘，溫。,以粒大、肉厚、柔潤、果皮紫紅者為佳。,本品呈球形或扁球形，直徑4~6mm。表面棕紅色至暗棕色，乾癟，皺縮，果肉常緊貼種子上。種子1~2枚，腎形，表面棕黃色，有光澤，種皮薄而脆。果肉氣微，味微酸。
0197,Caper Euphorbia Seed,千金子,逐水消腫，破血消症。用於水腫，痰飲，積滯脹滿，二便不通，血瘀經閉；外治頑癬，疣贅。,辛，溫，有毒。,以粒飽滿、種仁白色、油性足者為佳。,種子橢圓形或倒卵形，長約5mm，直徑約4mm。表面灰棕色或灰褐色，具不規則網狀皺紋，網孔凹陷處灰黑色，形成細斑點。一側有縱溝狀種脊，頂端為突起的合點，下端為線形種臍，基部有類白色突起的種阜或脫落後的痕跡。種皮薄脆，種仁白色或黃白色，富油質。氣微，味辛。
0198,Lobedleaf Pharbitis Seed,牽牛子,瀉水通便，消痰滌飲，殺蟲攻積。用於水腫脹滿，二便不通，痰飲積聚，氣逆喘咳，蟲積腹痛，蛔蟲、絛蟲病。,苦，寒，有毒。,以顆粒飽滿者為佳。,牽牛子呈三棱形，形似橘瓣狀。表面灰黑色 (黑牽牛子) 或淡黃白色 (白牽牛子) 。種皮堅韌，背面有一縱溝。味辛苦，有麻舌感。
0199,White Canarytree Fruit,青果,清熱，利咽，生津，解毒。用於咽喉腫痛、咳嗽、煩渴、魚蟹中毒等。,甘、酸，平。,乾青果以個大肉厚、色灰綠、無烏黑斑者為佳。,乾青果；外形同上，外表棕褐色或紫棕色，皺縮，有多數凹凸不平的皺紋。果肉較薄，棕褐色或灰色，質堅韌，可與果核分離，內核性狀與鮮者無異。味甜，酸澀味較差。
0200,Immature Tangerine Fruit,青皮,疏肝破氣、消積化滯。用於胸肋脘脹痛，乳癰、疝痛，食積氣滯。,苦、辛，溫。,個青皮以個勻、外皮黑綠色、質硬、體重、肉厚、瓤小、香氣濃者為佳。,個青皮：呈類球形，直徑0.5~2cm。表面灰綠色或黑綠色，微粗糙，有細密凹下的油室，頂端有稍突起的柱基，基部有圓形果梗痕。質硬，斷面果皮黃白色或淡黃棕色，厚0.1~0.2cm，外緣有油室1~2列。瓤囊8~10 瓣，淡棕色。氣清香，味酸、苦、辛。
0201,Nutmeg,肉豆蔻,溫中澀腸；行氣消食。用於虛瀉；冷痢；脘腹脹痛；食少嘔吐；宿食不消。,辛、苦，溫。,以個大、表面具紫褐色光澤、仁飽滿、色白者為佳。,該品呈卵圓形或橢圓形，長2~3cm，直徑1.5~2.5cm。表面灰棕色或灰黃色，有時外被白粉 (石灰粉末) 。全體有淺色縱行溝紋及不規則網狀溝紋。種臍位於寬端，呈淺色圓形突起，合點呈暗凹陷。種脊呈縱溝狀，連接兩端。質堅，斷面顯棕黃色相雜的大理石花紋，寬端可見乾燥皺縮的胚，富油性。氣香濃烈，味辛。
0202,Mullberry Fruit,桑椹,補血滋陰，生津潤燥。用於眩暈耳鳴，心悸失眠，鬚髮早白，津傷口渴，內熱消渴，血虛便秘。補肝，益腎，熄風，滋液。治肝腎陰虧，消渴，便秘，目暗，耳鳴，瘰鬁，關節不利。,甘、酸，寒。,以個大、肉厚、色紫紅、糖分足者為佳。,該品為聚花果，由多數小核果集合而成，呈長圓形，長1~2cm，直徑0.5~0.8cm。黃棕色、棕紅色至暗紫色，(比較少見的顏色成熟後呈乳白色)，有短果序梗。小核果卵圓形，稍扁，長約2mm，寬約1mm，外具肉質花被片4 枚。氣微，味微酸而甜。
0203,Chinese Hawthorn Fruit,山楂,開胃消食、化滯消積、活血散瘀、化痰行氣。用於肉食滯積、症瘕積聚、腹脹痞滿、瘀阻腹痛、痰飲、泄瀉、腸風下血等。,甘、酸，微溫。,以果大、肉厚、核少、皮紅者為佳。,果實較小，類球形，直徑0.8~1.4cm，有的壓成餅狀。表面棕色至棕紅色，並有細密皺紋，頂端凹陷，有花萼殘跡，基部有果梗或已脫落。
0204,Common Cnidium Fruit,蛇床子,解毒殺蟲 燥濕 祛風。用於；外治外陰濕疹，婦人陰癢 滴蟲性陰道炎 濕疹疥癬 ；寒濕帶下 ； 濕痹腰痛 ；腎虛陽痿； 宮冷不孕 。,辛、苦，溫，有小毒。,以灰黃色、顆粒飽滿、氣味濃者為佳。,雙懸果細小，呈橢圓形，長2~4mm，直徑約2mm。表面灰黃色或灰褐色，頂端有2枚向外彎曲的柱基，基部偶有細梗。懸果瓣的背面有薄而突起的縱棱5條，接合面平坦，有2條棕色略突起的縱棱線。果皮鬆脆；種子細小，灰棕色，顯油性。氣香，味辛涼，有麻舌感。
0205,Prince's Feather Fruit,水紅花子,散血消癥，消積止痛。用於症瘕痞塊，瘿瘤，食積不消，胃脘脹痛，水腫腹水。,鹹，微寒。,以飽滿充實，色紅黑者為佳。,呈扁圓形，直徑2~3mm，厚1~1.5mm。表面棕黑色，或紅棕色，有光澤，兩側面微凹入，其中央呈微隆起的線狀，先端有刺狀突起的柱基，基部有淺棕色略突起的果柄痕，有時殘留膜質花被。果皮厚而堅硬。種子扁圓形，種皮淺棕色膜質；胚乳粉質，類白色，胚細小彎曲，略成環狀。氣微弱，味淡。
0206,"Loofah, Towel Gourd Vegetable Sponge",絲瓜絡,通絡，活血，祛風。用於痹痛拘攣、胸脅脹痛、乳汁不通。,甘，平。,以個大長條、去除外皮、網狀維管束黃白色者為佳。,藥材為絲狀維管束交織而成，多呈長棱形或長圓筒形，略彎曲，長30~70cm，直徑7~10cm。表面淡黃白色。體輕，質韌，有彈性，不能折斷。橫切面可見子房3室，呈空洞狀。氣微，味淡。
0207,Peach Seed,桃仁,活血祛瘀，潤腸通便，止咳平喘。用於經閉，痛經，癓瘕痞塊，跌撲損傷，腸燥便秘。,苦、甘，平。,以顆粒均勻、紅棕色、飽滿者為佳。,種子扁卵形或橢圓形，一端尖，另端鈍圓而偏斜，邊緣較薄，長1.2~2cm，寬1~1.2cm，厚3~5mm。表面黃棕色或紅棕色，有縱脈紋及密佈細粒狀突起，近尖端側邊有長4~6mm的線形種臍。種皮薄，子葉兩片肥大，黃白色，富油質。味微苦。
0208,Pepperweed Seed,葶藶子,瀉肺降氣；祛痰平喘；利水消腫；泄逐邪。主治痰涎壅肺之喘咳痰多；肺癰；水腫；胸腹積水；小便不利；慢性肺源性心臟病；心力衰竭之喘腫；瘰鬁結核。,辛、苦，大寒。,以子粒充實、均勻、紅棕色者為佳。,北葶藶子：種子扁卵形，長1~1.5-mm，寬0.5~1mm。表面黃棕色或紅棕色，微有光澤，具多數細微顆粒狀突起，並可見2條縱列的淺槽，其中一條較明顯，一端鈍圓，另端漸尖而微凹，種臍位於凹下處，但不明顯。無臭，味微苦辛，粘性較強。
0209,Chinese Dodder Seed,菟絲子,補腎益精、養肝明目、固胎止泄。,甘，溫。,以粒飽滿者為佳。,菟絲子種子類圓形，腹棱線明顯，兩側常凹陷，長徑1.4~1.6mm，短徑0.9~1.1mm。表面灰棕色或黃棕色，因具有細密突起的小點兒微粗糙，種皮堅硬，不易破碎，除去種皮可中央為卷旋3周的胚，胚乳膜質套狀，位於胚周圍，氣微，味微苦、澀。
0210,Cowherb Seed,王不留行,活血通經，消腫止痛，催生下乳的功能。主治月經不調，乳汁缺乏，難產，癰腫疔毒等症，是臨床常用下乳的重要藥。,苦，平。,以粒飽滿、黑色者為佳。,該品呈球形，直徑約2mm。表面黑色，少數紅棕色，略有光澤，有細密顆粒 狀突起，另有一淺色圓點狀腫臍及一凹陷的縱向淺溝。質堅硬，斷面灰白色，角質樣。無臭，味微澀苦。
0211,Chinese Magnoliavine Fruit,五味子,收斂固澀，益氣生津，補腎寧心。用於久嗽虛喘，夢遺滑精，遺尿尿頻，久瀉不止，自汗，盜汗，津傷口渴，短氣脈虛，內熱消渴，心悸失眠。,酸、甘，溫。,以紫紅色、粒大、肉厚、有油性及光澤者為佳。,乾燥果實略呈球形或扁球形，直徑5~8mm。外皮鮮紅色，紫紅色或暗紅色。顯油潤，有不整齊的皺縮。果肉柔軟，常數個粘連一起；內含種子1~2枚，腎形，棕黃色，有光澤，堅硬，種仁白色。果肉氣微弱而特殊，味酸。種子破碎後有香氣，味辛而苦。
0212,Medicinal Evodia Immature Fruit,吳茱萸,散寒止痛、降逆止嘔。用於治療肝胃虛寒、陰濁上逆所致的頭痛或胃脘疼痛等症。,辛、苦，熱，有小毒。,以綠色、粒小、飽滿堅實、香氣濃者為佳。,果實呈五角狀扁球形，直徑2~5mm。表面暗黃綠色至褐色，粗糙，有點狀突起或凹下的油點。頂端有五角星狀的裂隙，基部殘留被有黃色茸毛的果梗。質硬而脆。氣芳香濃郁，味辛辣而苦。
0213,Coralhead Plant Seed,相思子,清熱解毒，湧吐，殺蟲。外用治癬疥，癰瘡，濕疹。,辛、苦、平，有小毒。,以個大、紅頭、黑底、色豔、粒圓、飽滿者為佳。,乾燥種子呈橢圓形，少數近於球形，長徑5~7mm，短徑4~5mm，表面紅色，種臍白色橢圓形，位於腹面的一端，在其周圍呈烏黑色，約占種皮表面的1/4~1/3，種脊位於種臍一端，呈微凸的直線狀。種皮堅硬，不易破碎，內有2片子葉和胚根，均為淡黃色。氣青草樣，味澀。
0214,Medical Citron Fruit,香櫞,疏肝理氣，寬中化痰。用於胸腹滿悶；脅肋脹痛；咳嗽痰多。,辛、苦、酸，溫。,以片色黃、香氣濃者為佳。,果為圓形或長圓形片，直徑4~10cm，厚0.2~0.5cm。橫切片外果皮黃色或黃綠色，邊緣呈波狀，散有凹人的油點；中果皮厚1~3cm，黃白色，有不規則的網狀突起的維管束；瓤囊10~17室。縱切片中心柱較粗壯。質柔韌。氣清香味微甜而苦辛。
0215,Fennel Fruit,小茴香,開胃進食，理氣散寒，有助陽道。主治：中焦有寒，食欲減退，噁心嘔吐，腹部冷痛；疝氣疼痛，睾丸腫痛；脾胃氣滯，脘腹脹滿作痛。,辛，溫。,以粒大飽滿、黃綠色、香氣濃者為佳。,果實為雙懸果，呈圓柱形，有的稍彎曲，兩端略尖，長4~8mm，直徑1.5~2.5mm。表面黃綠或淡黃色，頂端殘留有黃棕色突起的柱基，基部有時有細小的果梗。分果呈長橢圓形，背面有縱棱5條，接合面平坦而較寬。橫切面略呈5邊形，背面的4邊約等長。有特異茴香氣，味微甜、辛。
0216,Ansu Apricot Seed,苦杏仁,降氣止咳平喘，潤腸通便。用於咳嗽氣喘，胸滿痰多，血虛津枯，腸燥便秘。,苦杏仁味苦，微溫。甜杏仁味甘、性平。,甜杏仁以顆粒均勻而大、飽滿肥厚、不發油者為佳。,甜杏仁：乾燥種子，呈扁心臟形，長1.6~2.1cm，寬1.2~1.6cm，頂端尖，基部圓，左右對稱，種脊明顯，種皮較苦杏仁為厚，淡黃棕色，自合點處分散出許多深棕色脈紋，形成縱向凹紋。斷面白色。子葉接合面常見空隙。氣微，味微甜。
0217,Java Brucea Fruit,鴉膽子,清熱解毒，止痢，截瘧，腐蝕贅疣。用於痢疾、瘧疾；外治贅疣、雞眼。,苦，寒，有小毒。,以粒大、飽滿、種仁白色、油性足者為佳。,核果卵形或橢圓形，略扁，長0.6~1cm，直徑4~7mm，表面黑色，有隆起網狀皺紋，頂端有鳥嘴狀短尖的花柱殘基，腹背兩側有較明顯的棱線，基部鈍圓，有凹點狀果柄痕，果肉易剝落；果核堅硬，破開後內面灰棕色平滑，內含種子1顆。種子卵形，長4~7mm，直徑3~5mm，表面乳白色或黃白色，有稍隆起的網紋，頂端短尖呈鳥嘴狀，其下有長圓形種臍，近基部有棕色圓形合點，種臍與合點間有稍隆起的種脊；種皮薄，胚乳和胚富油性。氣微特異，味極苦。
0218,Opium Poppy Peel,罌粟殼,斂肺、澀腸、止痛。用於久咳、久瀉，脫肛，脘腹疼痛。,酸、澀，平，有毒。,以完整、豐滿者為佳。,呈橢圓形或瓶狀卵形，多已破碎成片狀，直徑1.5~5cm，長3~7cm外表面黃白色、淺棕色至淡紫色，平滑，略有光澤，有縱向或橫向的割痕。頂端有 6~14條放射狀排列呈圓盤狀的殘留柱頭；基部有短柄。體輕，質脆。內表面淡黃色，微有光澤。有縱向排列的假隔膜，棕黃色，上面密佈略突起的棕褐色小點。氣微清香，味微苦。
0219,Ma - yuen Jobstears Seed,薏苡仁,健脾滲濕，除痹止瀉。薏米可用於治療水腫、腳氣、小便不利、濕痹拘攣、脾虛泄瀉。,甘、淡，微寒。,以粒大充實、色白、無皮碎者為佳。,種仁寬卵形或長橢圓形，長4~8mm，寬3~6mm。表面乳白色，光滑，偶有殘存的黃褐色種皮。一端鈍圓，另端較寬而微凹，有1淡棕色點狀種臍。背面圓凸，腹面有1條羅寬而深的縱溝。質堅實，斷面白色粉性。氣微，味微甜。以粒大充實、色白、無皮碎者為佳。
0220,Emblic Leafflower Fruit,余甘子,清熱涼血，消食健胃，生津止咳。用於血熱血瘀，消化不良，腹脹，咳嗽，喉痛，口乾。,甘、酸、澀，微寒。,以飽滿、乾燥、無果柄者為佳。,呈球形或扁球形，直徑1.2~2cm。表面棕褐色至墨綠色，有淺黃色顆粒狀突起，具皺紋及不明顯的6棱，果梗約1mm。外果皮厚1~4mm，質硬而脆。內果皮黃白色，硬核樣，表面略具6棱，背縫線的偏上部有數條筋脈紋，乾後可裂成6瓣。種子6，近三棱形，棕色。氣微，味酸澀，回味甜。
0221,Dwarf Flowering Cherry Seed,郁李仁,潤燥滑腸，下氣，利水。用於津枯腸燥、食積氣滯、腹脹便秘、水腫、腳氣、小便不利。,辛、苦、甘，平。,以顆粒飽滿、完整、淺黃白色、不泛油者為佳。,長柄扁桃：種子卵形，長6~10mm，直徑5~7mm。表面黃白色淺棕色，一端尖，另端鈍圓。尖端一側有線形種臍，圓端中央有深色合點，自合點處向上具多條縱向維管束脈紋。種皮薄，子葉乳白色，富油性。味微苦。
0222,Submature Bitter Orange,枳殼,理氣寬中，行滯消脹。,辛、苦、酸，溫。,以外果皮色綠褐、果肉厚、質堅硬、香氣濃者為佳。,果實呈半球形，直徑3~5.5cm。外皮綠褐色或棕褐色，略粗糙，散有眾多小油點，中央有明顯的花柱基痕或圓形果柄痕。切面中果皮厚0.6~1.2cm，黃白色較光滑，略向外翻，有維管束散佈，邊緣有棕黃色油點l~2列。質堅硬，不易折斷，瓤囊7~12瓣，少數至15瓣，囊內汁胞幹縮，棕黃色或暗棕色，質軟，內藏種子。中軸堅實，寬5~9mm，黃白色，有一圈斷續環列的維管束點。氣香，味苦、微酸。
0223,Immature Bitter Orange,枳實,破氣消積，化痰散痞。用於積滯內停；痞滿脹痛；大便秘結；瀉痢後重；結胸；胃下垂；子宮脫垂；脫肛。,苦、辛、酸，溫。,以皮青黑、果肉厚色白、囊小、堅實者為佳。,該品呈半球形，少數為球形，直徑0.5~2.5cm。外果皮黑綠色或暗棕綠色，具顆粒狀突起和皺紋，有明顯的花柱殘跡或果梗痕。切面中果皮略隆起，黃白色或黃褐色，厚0.3~1.2cm，邊緣有1~2列油室，瓤囊棕褐色。質堅硬。氣清香，味苦、微酸。
0224,Common Gardenia Fruit,梔子,瀉火除煩；清熱利濕；涼血解毒主治熱病心煩；肝火目赤；頭痛；濕熱黃疸；淋證；血痢尿血；口舌生瘡；瘡瘍腫毒；扭傷腫痛。,苦，寒。,以皮薄、飽滿、色紅黃者為佳。,果實倒卵形、橢圓形或長橢圓形，長1.4~3.5cm，直徑0.8~1.8cm。表面紅棕色或紅黃色，微有光澤，有翅狀縱棱6~8條，每二翅棱間有縱脈1條，先端有暗黃綠色殘存宿萼，先端有6~8條長形裂片，裂片長1~2.5cm，寬2~3mm，多碎斷，果實基部收縮成果柄狀，末端有圓形果柄痕。果皮薄而脆，內表面鮮黃色或紅黃色。有光澤，具隆起的假隔膜2~3條。折斷面鮮黃色，種子多數，扁橢圓形或扁矩圓形，聚成球狀團塊，棕紅色，表面有細而密的凹入小點；胚乳角質；胚長形，具心形子葉2片。氣微，味微酸苦。
0225,Abnorma Chinese Honeylocust Fruit,豬牙皂,通竅，滌痰，搜風，殺蟲。治中風口噤，頭風，風痼，喉痹，痰喘，痞滿積滯，關格不通，癰腫，疥癩，癬疾，頭瘡。,辛、咸，溫，有小毒。,以個小飽滿、色紫黑、有光澤、無果柄、質堅硬、肉多而粘、斷面淡綠色者為佳。,乾燥莢果呈圓柱形，略扁，彎曲作鐮形，長5~10cm，寬5~12mm。表面紫棕色或紫黑色，被灰白色粉霜，擦去後有光澤，並有細小的疣狀突起及線狀裂紋，腹縫線突起呈棱脊狀，背縫線突起不顯著而有棕黃色縱紋。先端有喙狀的花柱殘基，基部有果柄殘痕。質硬而脆，易折斷，斷面外層棕黃色，中間黃白色，中心較軟，有淡綠或淡棕黃色的絲狀物與斜向網紋，縱向剖開可見排列整齊的凹窩，很少見種子。臭微，有刺激性，嗅其粉末則作噴嚏，味先甜後辣。
0226,Cultivated Puple Perilla Fruit,紫蘇子,降氣消痰，平喘，潤腸。用於痰壅氣逆，咳嗽氣喘，腸燥便秘。解表散寒，行氣和胃。用於風寒感冒，咳嗽氣喘，妊娠嘔吐，胎動不安。又可解魚蟹中毒。,辛，溫。,以均勻飽滿、色灰褐、油性足者為佳。,該品呈卵圓形或類球形，直徑約1.5mm。表面灰棕色或灰褐色，有微隆起的暗紫色網紋，基部稍尖，有灰白色點狀果梗痕。果皮薄而脆，易壓碎。種子黃白色，種皮膜質，子葉2，類白色，有油性。壓碎有香氣，味微辛。
0227,Babury Wolfberry Fruit,枸杞子,滋補肝腎，益精明目。,甘，平。,以粒大，色澤鮮亮者為佳。,呈類紡錘形或橢圓形，表面紅色或暗紅色，項端有小突起狀的花柱痕，基部有白色的果梗痕。果皮柔韌，皺縮；果肉肉質，柔潤。種子20~50粒，類腎形。扁而翹，表面淺黃色或棕黃色。氣微，味甜。
0228,Walnut Meat,核桃仁,補腎，溫肺，潤腸。用於腎陽不足，腰膝酸軟，陽痿遺精，虛寒喘嗽，腸燥便秘。,甘，溫。,以色黃、個大、飽滿、油多者為佳。,多破碎，為不規則的塊狀，有皺曲的溝槽，大小不一；完整者類球形。種皮淡黃色或黃褐色，膜狀，維管柬脈紋深棕色，子葉類白色。質脆富油性。氣微，味甘；種皮味澀、微苦。
0229,Japanese Pagodatree Fruit,槐角,清熱瀉火、涼血止血功能。用於腸熱便血，痔腫出血，肝熱頭痛，眩暈目赤。,苦，寒。,以肥大，角長，黃綠色，充實飽滿、整齊、身乾、無雜為佳。,連珠狀。表面黃綠色或黃棕色，皺縮而粗糙，背縫線一側呈黃色。質柔潤、乾燥，易在收縮處折斷，斷面黃綠色，有粘性。種子1-6粒，腎形，表面光滑，棕黑色，一側有灰白色圓形種臍；質堅硬，子葉2，黃綠色。果肉氣微，味苦，種子嚼之有豆腥氣。
0230,Puncturevine Caltrap Fruit,蒺藜,平肝解鬱，活血祛風，明目，止癢。用於頭痛眩暈，胸脅脹痛，乳閉乳癰，目赤翳障，風疹瘙癢。,辛、苦，微溫；有小毒。,以飽滿堅實、背面色淡黃綠者為佳。,性狀完整的果實由5個分果瓣組成，放射狀排列呈五棱狀球形，小分果斧狀或橘瓣狀，黃白色或淡黃綠色，背面弓形隆起，中間有縱棱及多數疙瘩狀小短刺；上部兩側各有一粗硬刺，成八字形分開，基部的兩個粗硬刺稍短，亦呈八字形分開，兩側面較薄，有網狀花紋或數條斜向棱線。果皮木質，極堅硬。分果l室，靠腹面生有3~4粒種子，種子長卵圓形稍扁，有油性。
0231,Lohanguo Siraitia Fruit,羅漢果,清熱潤肺，利咽開音，潤腸通便。用於肺熱操咳，咽痛失音，腸燥便秘。,甘，涼。,以中部最大圍徑劃分等級，特大果 (圍徑18cm以上) ；大果 (圍徑17.4~18cm) ；中果 (16.5~17.4cm) ；小果 (14.1cm~15.5cm)，等級越高者越佳。,卵形、橢圓形或球形。表面褐色、黃褐色或綠褐色、有深色斑塊和黃色柔毛，有的具6~11條縱紋。頂端有花柱殘痕。基部有果梗痕。體輕，質脆，果皮薄、易破。果瓤 (中、內果皮) 海綿狀，淺棕色。種子扁圓形，多數、淺紅色至棕紅色，兩面中間微四陷。四周有放射狀溝紋，邊緣有槽。氣微，味甜。
0232,Gordon Euryale Seed,芡實,益腎固精，補脾止渭，除濕止帶。用於遺精滑精，遺尿尿頻，脾虛久瀉，自濁，帶下。,甘、澀。平。,以顆粒飽滿均勻、粉性足、無碎末及皮殼者為佳。,類球形，多為破粒。表面有棕紅色內種皮，一端黃自色，約占全體1/3、有凹點狀的種臍痕，除去內種皮顯白色。質較硬，斷面白色，粉性。氣微，味淡。
0233,Feather Cockscomb Seed,青葙子,清肝瀉火，明目退韾。用於肝熱口赤，目生韾膜，視物昏花，肝火眩暈。,苦，微寒。,以粒大，色澤黑亮者為佳。,本品呈扁圓形，少數呈圓形。表面黑色或紅黑色。光亮，中間微隆起，側邊微凹處有種臍，種皮簿而脆。氣微、味淡。
0234,Common Macrocarpium Fruit,山茱萸,補益肝腎，澀精固脫。用於眩暈耳鳴，腰膝酸痛，陽痿遺精，遺尿尿頻，崩漏帶下，大汗虛脫，內熱消渴。,酸、澀，微溫。,以皮肉厚，色鮮豔，味酸濃者佳。,本品呈不規則的片狀或囊狀。表面紫紅色至紫黑色，皺縮，有光澤。頂端有的有圓形宿萼痕，基部有果梗痕。質柔軟。氣微，味酸、澀、微苦。
0235,Spine Date Seed,酸棗仁,養心補肝，寧心安神，斂汗，生津。用於慮煩不眠，驚悸多夢，體虛多汗，津傷口渴。,甘，酸，平。,以粒大飽滿、外皮紫紅色、無核殼者為佳。,乾燥成熟的種子呈扁圓形或橢圓形，表面紫紅色或紫褐色，平滑有光澤，有的有裂紋。有的兩面均承圓隆狀突起，有的一面較平州。中間或有1條隆起的縱線紋；另一面稍突起。一端凹陷，可見線形種臍，另端有細小突起的合點。種皮較脆，乳白色。子葉2，淺黃色，富油性。 氣微弱，味淡。
0236,Cherokee Rose Fruit,金櫻子,固精縮尿，固崩止帶，澀腸止瀉。用於遺精滑精，遺尿尿頻，崩漏帶下，久瀉久痢。,酸、甘、澀，平。,以個大、色紅黃、有光澤、去淨毛刺者為佳。,本品為花托發育而成的假果。呈倒卵形，表面紅黃色或紅棕色，有突起的棕色小點，系毛刺脫落後的殘基。頂端有盤狀花萼殘基，中央有黃色柱基，下部漸尖。質硬。切開後，花托壁內有多數堅硬的小瘦果，內壁及瘦果均有淡黃色絨毛。氣微，味甘，微澀。
0237,Wild Carrot Fruit,南鶴虱,殺蟲消積。用於蛔蟲、蟯蟲 、絛蟲病，蟲積腹痛、小兒疳積。,苦、辛，平。,以果實個大、色棕黃、搓碎時有特異香氣者為佳。,本品為雙懸果，呈橢圓形，多裂為分果。表面淡綠棕色或棕黃色，頂端有花柱殘基，基部鈍圓，背面隆起，具4條窄翅狀次棱。翅上密生1列黃自色鉤刺，次棱間的四下處有不明顯的主棱，其上散生短柔毛，接合面平坦。有3條脈紋，上具柔毛。種仁類自色，有油性。體輕。搓碎時有特異香氣，味微辛、苦。
0238,Purging Croton Seed,巴豆,外用蝕瘡。用於惡瘡疥癬，疣痣。,辛，熱，有大毒。,以粒大、飽滿、種仁黃白色者為佳。,本品呈卵圓形，一般具三棱。表面灰黃色或稍深，粗糙，有縱線6條，頂端平截，基部有果梗痕。破開果殼，可見3室，每室含種子1粒。種子呈略扁的橢圓形，表面棕色或灰棕色，一端有小點狀的種臍和種阜的疤痕，另端有微凹的合點。其間有隆起的種脊；外種皮薄而脆，內種皮呈白色薄膜；種仁黃白色，油質。氣微，味辛辣。
0239,Sharpleaf Galangal Fruit,益智,溫脾止瀉，攝唾涎，暖腎，固精縮尿。用於脾寒泄瀉，腹中冷痛，口多唾涎，腎虛遺尿，小便頻數，遺精白濁。,辛，溫。,以個大、飽滿、氣味濃者為佳。,本品呈橢圓形，兩端略尖，長1.2~2cm，直徑1~1.3cm。表面棕色或灰棕色，有縱向凹凸不平的突起棱線13~20條，頂端有花被殘基，基部常殘存果梗。果皮薄而稍韌，與種子緊貼，種子集結成團，中有隔膜將種子團分為3瓣，每瓣有種子6~11粒。種子呈不規則的扁圓形，略有鈍棱，直徑約3mm，表面灰褐色或灰黃色，外被淡棕色膜質的假種皮；質硬，胚乳白色。有特異香氣，味辛，微苦。
0240,Smoked Plum,烏梅,斂肺，澀腸，生津，安蛔。用於肺虛久咳，久痢滑腸，虛熱消渴，蛔厥嘔吐腹痛，膽道蛔蟲症。,酸、澀，平。,以個大、肉厚、柔潤、味極酸者為佳。,本品呈類環形或扁球形，直徑1.5~3cm。表面烏黑色或棕黑色，皺縮不平，基部有圓形果梗痕。果核堅硬，橢圓形，棕黃色，表面有凹點；種子扁卵形，淡黃色。氣微，味極酸。
0241,Siberian Cocklebur Fruit,蒼耳子,散風寒，通鼻竅，祛風濕。用於風寒頭痛，鼻塞流涕，鼻鼽，鼻淵，風疹瘙癢，濕痹拘攣。,辛、苦，溫。,以粒大、飽滿、色黃棕者為佳。,本品呈紡錘形或卵圓形，表面黃棕色或黃綠色、全體有鉤刺，頂端有2枚較粗的刺，分離或相連，基部有果梗痕。質硬而韌，橫切面 中央有縱隔膜，2室，各有l枚瘦果。瘦果略呈紡錘形，一面較平坦，頂端其1突起的花柱基，果皮薄，灰黑色，具縱紋。種皮膜質，淺灰色，子葉2，有油性。氣微，味微苦。
0242,Szechwan Chinaberry Fruit,川楝子,舒肝行氣止痛，驅蟲。用於胸脅、脘腹脹痛，疝痛，蟲積腹痛。,苦，寒，有小毒。,以個大、飽滿、外皮金黃色、果肉黃白色者為佳。,果實類球形，直徑2~3cm。表面金黃色至棕黃色，微有光澤，具深棕色小點。頂端有花柱殘基，基部凹陷有果梗痕。外果皮革質，與果肉間常成空隙，果肉鬆軟，淡黃色，遇水潤濕顯粘性。果核球形或卵圓形，質堅硬，兩端平截，有6~8條縱棱，內分6~8室，每室含黑棕色長圓形的種子1粒。氣特異，味酸、苦。
0243,Palmleaf Raspberry Fruit,覆盆子,益腎，固精，縮尿。用於腎虛遺尿，小便頻數，陽痿早洩，遺精滑精。,甘、酸，溫。,以個大、飽滿、粒整、結實、色灰綠、無葉梗者為佳。,聚合果，由多數小核果聚合而成，呈圓錐形或扁圓錐形，高0.6~1.3cm，直徑0.5~1.2cm。表面黃綠色或淡棕色，頂端鈍圓，基部中心凹入。宿萼棕褐色，下有果梗痕。小果易剝落，每個小果呈半月形，背面密被灰白色茸毛，兩側有明顯的網紋，腹部有突起的棱線。體輕，質硬。氣微，味微酸澀。
0244,Hemp Fruit,火麻仁,潤腸通便。用於血虛津虧，腸燥便秘。,甘，平。,以粒大、種仁飽滿者為佳。,本品呈卵圓形，長4~5.5mm，直徑2.5~4mm。表面灰綠色或灰黃色，有微細的白色或棕色網紋，兩邊有棱，頂端略尖，基部有1圓形果梗痕。果皮薄而脆，易破碎。種皮綠色，子葉2，乳白色，富油性。氣微，味淡。
0245,Lotus Seed,蓮子,補脾止瀉，益腎澀精，養心安神。用於脾虛久瀉，遺精帶下，心悸失眠。,甘、澀，平。,以個大飽滿者為佳。,本品略呈橢圓形或類球形，長1.2~1.8cm，直徑0.8~1.4cm。表面淺黃棕色至紅棕色，有細縱紋和較寬的脈紋。一端中心呈乳頭狀突起，深棕色，多有裂口，其周邊略下陷。質硬，種皮薄，不易剝離。子葉2，黃白色，肥厚，中有空隙，具綠色蓮子心。無臭，味甘、微澀；蓮子心味苦。
0246,Lotus Plumule,蓮子心,清心安神，交通心腎，澀精止血。用於熱入心包，神昏譫語，心腎不交，失眠遺精，血熱吐血。,苦，寒。,以個大、色青綠。未經煮者為佳。,本品略呈細棒狀，長1~1.4cm，直徑約0.2cm。幼葉綠色，一長一短，卷成箭形，先端向下反折，兩幼葉間可見細小胚芽。胚根圓柱形，長約3mm，黃白色。質脆，易折斷，斷面有數個小孔。氣微，味苦。
0247,Slender Dutchmanspipe Fruit,馬兜鈴,清肺降氣，止咳平喘，清腸消痔。用於肺熱喘咳，痰中帶血，腸熱痔血，痔瘡腫痛。,苦，微寒。,以個大、黃綠色、不破裂者為佳。,本品呈卵圓形，長3~7cm，直徑2~4cm。表面黃綠色、灰綠色或棕褐色，有縱棱線12條，由棱線分出多數橫向平行的細脈紋。頂端平鈍，基部有細長果梗。果皮輕而脆，易裂為6瓣，果梗也分裂為6條。果皮內表面平滑而帶光澤，有較密的橫向脈紋。果實分6室，每室種子多數，平疊整齊排列。種子扁平而薄，鈍三角形或扇形，長6~10mm，寬8~12mm，邊緣有翅，淡棕色。氣特異，味微苦。
0248,Nux Vomica,馬錢子,通絡止痛，散結消腫。用於風濕頑痹，麻木癱瘓，跌撲損傷，癰疽腫痛；小兒麻痹後遺症，類風濕性關節痛。,苦，溫；有大毒。,以個大飽滿、質堅肉厚、色灰黃有光澤者佳。,本品呈鈕扣狀圓板形，常一面隆起，一面稍凹下，直徑1.5~3cm，厚0.3~0.6cm。表面密被灰棕或灰綠色絹狀茸毛，自中間向四周呈輻射狀排列，有絲樣光澤。邊緣稍隆起，較厚，有突起的珠孔，底面中心有突起的圓點狀種臍。質堅硬，平行剖面可見淡黃色白色胚乳，角質狀，子葉心形，葉脈5~7條。無臭，味極苦。
0249,Cochinchina Momordica Seed,木鱉子,散結消腫，攻毒療瘡。用於瘡瘍腫毒，乳癰，瘰癘，痔漏，乾癬，禿瘡。,苦、微甘，涼；有毒。,以籽粒飽滿、不破裂、體重、內仁黃白色、不泛油者為佳。,本品呈扁平圓板狀，中間稍隆起或微凹陷，直徑2~4cm，厚約0.5cm。表面灰棕色至黑褐色，有網狀花紋，在邊緣較大的一個齒狀突起上有淺黃色種臍。外種皮質硬而脆，內種皮灰綠色，絨毛樣。子葉2，黃白色，富油性。有特殊的油膩氣，味苦。
0250,Indian Trunpetflower Seed,木蝴蝶,清肺利咽，疏肝和胃。用於肺熱咳嗽，喉痹，音啞，肝胃氣痛。,苦、甘，涼。,以張大、色白、有光澤、翼柔軟如綢者為佳。,本品為蝶形薄片，除基部外三面延長成寬大菲薄的翅。長5~8cm，寬3.5~4.5cm。表面淺黃白色，翅半透明，有絹絲樣光澤，上有放射狀紋理，邊緣多破裂。體輕，剝去種皮，可見一層薄膜狀的胚乳緊裹於子葉之外。子葉2，蝶形，黃綠色或黃色，長徑1~1.5cm。無臭，味微苦。
0251,Great Burdock Fruit,牛蒡子,疏散風熱，宣肺透疹，解毒利咽。用於風熱感冒，咳嗽痰多，麻疹，風疹，咽喉腫痛，痄腮丹毒，癰腫瘡毒。,辛、苦，寒。,以粒大、飽滿、色灰褐者為佳。,本品呈長倒卵形，略扁，微彎曲，長5~7mm，寬2~3mm。表面灰褐色，帶紫黑色斑點，有數條縱棱，通常中間1~2條較明顯。頂端鈍圓，稍寬，頂面有圓環，中間具點狀花柱殘跡；基部略窄，著生面色較淡。果皮較硬，子葉2，淡黃白色，富油性。無臭，味苦後微辛而稍麻舌。
0252,Glossy Privet Fruit,女貞子,滋補肝腎，明目烏髮。用於眩暈耳鳴，腰膝酸軟，鬚髮早白，目暗不明，內熱消渴、骨蒸潮熱。,甘、苦，涼。,以粒大、飽滿、色黑紫者為佳。,呈卵形、橢圓形或腎形，長6~8.5mm，直徑3.5~5.5mm。表面黑紫色或灰黑色，皺縮不平，基部有果梗痕或具宿萼及短梗。體輕。外果皮薄，中果皮較鬆軟，易剝離，內果皮木質，黃棕色，具縱棱，破開後種子通常為1粒，腎形，紫黑色，油性。無臭，味甘、微苦澀。
0253,Boat - fruited Sterculia Seed,胖大海,清熱潤肺，利咽解毒，潤腸通便。用於肺熱聲啞，乾咳無痰，咽喉乾痛，熱結便閉，頭痛目赤。,甘，寒。,以個大、堅質、棕色、有細皺紋及光澤者為佳。,呈紡錘形或橢圓形，長2~3cm，直徑1~1.5cm。先端鈍圓，基部略尖而歪，具淺色的圓形種臍，表面棕色或暗棕色，微有光澤，具不規則的乾縮皺紋。外層種皮極薄，質脆，易脫落。中層種皮較厚，黑褐色，質松易碎，遇水膨脹成海綿狀。斷面可見散在的樹脂狀小點。內層種皮可與中層種皮剝離，稍革質，內有2片肥厚胚乳，廣卵形；子葉2枚，菲薄，緊貼於胚乳內側，與胚乳等大。氣微，味淡，嚼之有黏性。
0254,Villous Amomum Fruit,砂仁,化濕開胃，溫脾止瀉，理氣安胎。用於濕濁中阻，脘痞不饑，脾胃虛寒，嘔吐泄瀉，妊娠惡阻，胎動不安。,辛，溫。,以個大、堅實、仁飽滿、氣香濃者為佳。,海南砂：呈長橢圓形或卵圓形，有明顯的三棱，長1.5~2cm，直徑0.8~1.2cm。表面被片狀、分枝的軟刺，基部具果梗痕。果皮厚而硬。種子團較小，每瓣有種子3~24粒；種子直徑1.5~2mm。氣味稍淡。
0255,Rangooncreeper Fruit,使君子,殺蟲消積。用於蛔蟲、蟯蟲病，蟲積腹痛，小兒疳積。,甘，溫。,以個大、表面具紫褐色光澤、仁飽滿、色白者為佳。,呈扁圓形，直徑1.5~2.5cm。中央較厚，微隆起，有果實脫落後的圓形疤痕，邊緣較薄，4裂，裂片多反卷，易碎；基部有果梗或圓孔狀的果梗痕。外表面黃褐色或紅棕色，內表面黃棕色，密被細絨毛。質硬而脆。無臭，味澀。
0256,Blessed Thistle Fruit,水飛薊,清熱解毒，疏肝利膽。用於肝膽濕熱，脅痛，黃疸。,苦，涼。,以淺黃白色，富油性者為佳。,本品呈長倒卵形或橢圓形，表面淡灰棕色至黑褐色。光滑。有細縱花紋。頂端鈍圓，稍寬，有一圓環，中間具點狀花柱殘跡，基部略窄。質堅硬。破開後可見子葉2片。淺黃白色，富油性。氣微，味淡。
0257,Henbane Seed,天仙子,解痙止痛，安神定喘。用於胃痙攣疼痛，喘咳，癲狂。,苦、辛，溫；有大毒。,以顆粒飽滿、均勻者為佳。,呈類扁腎形或扁卵形，直徑約1mm。表面棕黃色或灰黃色，有細密的網紋，略尖的一端有點狀種臍。剖面灰白色，油質，有胚乳，胚彎曲。無臭，味微辛。
0258,Common Heron’s Bill Herb,老鸛草,祛風濕，通經絡，止瀉痢。用於風濕痹痛，麻木拘攣，筋骨酸痛，泄瀉痢疾。,辛、苦，平。,以色綠、花果多者為佳。,野老鸛草：葉片掌狀5~7深裂，裂片條形，每裂片3~5深裂。
0259,Spreading Hedyotis Herb,白花蛇舌草,清熱解毒、消痛散結、利尿除濕。尤善治療各種類型炎症。,苦、淡，寒。,以莖葉完整、灰綠色、果實飽滿者為佳。,全體扭纏成團狀，灰綠色至灰棕色。主根細長，粗約2mm，鬚根纖細，淡灰棕色。莖細，捲曲，質脆，易折斷，中心髓部白色。葉多皺縮，破碎，易脫落；托葉長1~2mm。花、果單生或成對生於葉腋，花常具短而略粗的花梗。葫果扁球形，直徑2~2.5mm，室背開裂，宿萼頂端4裂，邊緣具短刺毛。氣微，味淡。
0260,Chinese Lobelia Herb,半邊蓮,清熱解毒；利水消腫。主治毒蛇咬傷；癰腫疔瘡；扁桃體炎；濕疹；足癬；跌打損傷；濕熱黃疸；闌尾炎；腸炎；腎炎；肝硬化腹水及多種癌症。,甘，平。,以莖葉色綠、根黃者為佳。,全體長15~35cm，常纏結成團。根細小，側生纖細鬚根。根莖細長圓柱形，直徑1~2mm；表面淡黃色或黃棕色，具細縱紋。莖細長，有分枝，灰綠色，節明顯。葉互生，無柄，葉片多皺縮，綠褐色，展平後葉片呈狹披針形或長小，單生於葉腋；花冠基部連合，上部5裂，偏向一邊。氣微，味微甘而辛。
0261,Wild Mint Herb,薄荷,疏散風熱，清利頭目，透疹。具有疏散風熱、清利頭目、利咽、透疹、疏肝解鬱之功效。現代醫學常將其用於治療風熱感冒、頭痛、咽喉痛、口舌生瘡、風疹、麻疹、胸腹脹悶和抗早孕等。另外，薄荷還具有消炎止痛作用。,辛，涼。,以色深綠、葉多、氣濃者為佳。,本品莖呈方柱形，有對生分枝，長15~40cm，直徑0.2~0.4cm；表面紫棕色或淡綠色，棱角處具茸毛，節間長2~5cm；質脆，斷面白色，髓部中空。葉對生，有短柄；葉片皺縮捲曲，完整者展平後呈寬披針形、長橢圓形或卵形，長2~7cm，寬1~3cm；上表面深綠色，下表面灰綠色，稀被茸毛，有凹點狀腺鱗。輪傘花序腋生，花萼鐘狀，先端5齒裂，花冠淡紫色。揉搓後有特殊清涼香氣，味辛涼。
0262,Asiatic Plantain Herb,車前草,清熱利尿；滲濕止瀉；明目；祛痰。主治：主小便不利；淋濁帶下；水腫脹滿；暑濕瀉痢；目赤障翳；痰熱咳喘。,甘、淡，微寒。,以灰綠色、葉片完整者為佳。,平車前：主根直而長。葉片較狹，長橢圓形或橢圓狀披針形，長5~14cm，寬2~3cm。
0263,Common Andrographis Herb,穿心蓮,清熱解毒，涼血，消腫，燥濕。主治感冒發熱，咽喉腫痛，口舌生瘡，頓咳勞嗽，泄瀉痢疾，熱淋澀痛，癰腫瘡瘍，毒蛇咬傷。,苦，寒。,以綠色、葉多者為佳。,莖呈方柱形，多分枝，長50~70cm，節稍膨大；質脆，易折斷。單葉對生，葉柄短或近無柄；葉片皺縮、易碎，完整者展開後呈披針形或卵狀披針形，長3~12cm，寬2~5cm，先端漸尖，基部楔形下延，全緣或波狀；上表面綠色，下表面灰綠色，兩面光滑。氣微，味極苦。
0264,Stringy Stonecrop Herb,垂盆草,清利濕熱，解毒。用於濕熱黃疸，小便不利，癰腫瘡瘍，急、慢性肝炎。有降低谷丙轉氨酶作用。用於急性肝炎、遷延性肝炎、慢性肝炎的活動性。,甘、淡，涼。,以莖葉完整、黃綠色者為佳。,該品莖纖細，長可達20cm以上，部分節上可見纖細的不定根。3葉輪生，葉片倒披針形至矩圓形，綠色，肉質，長1.5~2.8cm，寬0.3~0.7cm，先端近急尖，基部急狹，有距。氣微，味微苦。
0265,Japanese Thistle,大薊,止血涼血、祛瘀消腫。主治吐血，衄血，尿血，血淋，血崩，帶下，腸風，腸癰，癰瘍腫毒，疔瘡。,甘、苦，涼。,根以條粗、乾燥者為佳。,大薊根：呈長紡錘形，常簇生而扭曲，長5~15cm，直徑0.2~0.6cm。表面暗褐色，有不規則的縱皺紋。質硬而脆，易折斷，斷面粗糙，灰白色。氣微，味甘、微苦。
0266,Field Thistle,小薊,涼血止血，祛瘀消腫。用於衄血，吐血，尿血，便血，崩漏下血，外傷出血，癰腫瘡毒。,甘、苦，涼。,以灰綠色、葉多者為佳。,本品莖呈圓柱形，有的上部分枝，長5~30cm，直徑0.2~0.5cm；表面灰綠色或帶紫色，具縱棱及白色柔毛；質脆，易折斷，斷面中空。葉互生，無柄或有短柄；葉片皺縮或破碎，完整者展平後呈長橢圓形或長圓狀披針形，長3~12cm，寬0.5~3cm；全緣或微齒裂至羽狀深裂，齒尖具針刺；上表面綠褐色，下表面灰綠色，兩面均具白色柔毛。頭狀花序單個或數個頂生；總苞鐘狀，苞片5~8層，黃綠色；花紫紅色。氣微，味微苦。
0267,Common Lophatherum Herb,淡竹葉,清熱瀉火，除煩止渴，利尿通淋。用於熱病煩渴，小便短赤澀痛，口舌生瘡。,甘、淡，寒。,以葉大、色綠、不帶根及花托者為佳。,莖圓柱形，長25~30cm，直徑1.5~2mm；表面淡黃綠色，有節，節上抱有葉鞘，斷面中空。葉多皺縮捲曲，葉片被外形，長5~20cm，寬1~3.5cm；表面淺綠色或黃綠色，葉脈平行，具橫行小脈，形成長方形的網格狀，下表面尤為明顯。葉鞘長約5cm，開裂，外具縱條紋，沿葉鞘邊緣有白色長柔毛。體輕，質柔韌。氣微，味淡。
0268,Common Rush Pith or Herba,燈心草,利水通淋；清心降火。主治：淋病；水腫；小便不利，尿少澀痛；濕熱黃疸；心煩不寐；小兒夜啼；喉痹；口舌生瘡；創傷。,甘、淡，微寒。,以條長，粗壯，色白，有彈性者為好。,本品呈細圓柱形，長達90cm，直徑1~3mm，表面白色或淡黃白色。置放大鏡下觀察，有隆起的細縱紋及海綿樣的細小孔隙；微有光澤。質輕柔軟，有彈性，易拉斷，斷面不平坦，白色。氣味不顯著。
0269,Cablin Potchouli Herb,廣藿香,芳香化濕；和胃止嘔；祛暑解表。主濕阻中焦之脘腹痞閔；食欲不振；嘔吐；泄瀉；外感暑濕之寒熱頭痛；濕溫初起的發熱身困；胸閔噁心；鼻淵；手足癬 。,辛，微溫。,以灰綠色、葉多、氣濃者為佳。,該品莖略呈方柱形，多分枝，枝條稍曲折，長30~60cm，直徑約0.2~0.7cm；表面被柔毛；質脆，易折斷，斷面中部有髓；老莖類圓柱形，直徑1~1.2cm，被灰褐色栓皮。葉對生，皺縮成團，展平後葉片呈卵形或橢圓形，長4~9cm，寬3~7cm；兩面均被灰白色茸毛；先端短尖或鈍圓，基部楔形或鈍圓，邊緣具大小不規則的鈍齒；葉柄細，長2~5cm，被柔毛。氣香特異，味微苦。
0270,Snowbellleaf Tickclover Herb,廣金錢草,清熱除濕，利尿通淋。用於熱淋、砂淋、石淋、小便澀痛、水腫尿少、黃疸、尿赤、尿路結石。,甘、淡，平。,以葉多、色綠者為佳。,乾燥的莖枝呈圓柱形，長可達60cm，粗2~5mm，表面淡棕黃色，密被黃色絨毛，質跪易斷，斷面淡黃色，中心具白色髓。葉皺縮，易脫落，上面灰綠色至暗綠色，無毛，下面淺綠色，密被白色茸毛。莖節處常有托葉，披針形錐尖，淺棕色。生藥中偶見花果。氣微弱，味淡。
0271,Colored Mistletoe Herb,槲寄生,補肝腎，強筋骨，祛風濕，安胎。,苦、甘，平。,以枝嫩、黃綠色、葉多者為佳。,該品莖枝呈圓柱形，2~5叉狀分枝，長約30cm，直徑0.3~1cm；表面黃綠色、金黃色或黃棕色，有縱皺紋；節膨大，節上有分枝或枝痕。體輕，質脆，易折斷，斷面不平坦，皮部黃色，木部色較淺，射線放射狀，髓部常偏向一邊。葉對生於枝梢，易脫落，無柄；葉片呈長橢圓狀披針形，長2~7cm，寬0.5~1.5cm；先端鈍圓，基部楔形，全緣；表面黃綠色，有細皺紋，主脈5出，中間3條明顯。革質。漿果球形，皺縮。無臭，味微苦，嚼之有黏性。
0272,Fiveleaf Gynostemma Herb or Root,絞股藍,清熱，補虛，解毒。能夠調節血壓，降低血脂，調節血糖，促進尿酸排泄。用於血脂、血壓、血糖、血尿酸過高、高或異常者。,苦、微甘，涼。,以莖纖細、皺縮、灰棕色或暗綠色者為佳。,皺縮，莖纖細灰棕色或暗棕色，表面具縱溝紋，被稀疏絨毛，複葉，小葉膜質，常5~7，少數9枚，葉柄長2~4cm，被糙毛；側生小葉卵狀長圓形或長圓狀披針形，中央一枚較大，長4~12cm，寬1~1.3cm，先端漸尖，基部楔形，兩面被粗毛，葉緣有鋸齒，齒尖具芒。果實圓球形，直徑約5mm，果梗長3~5mm。味苦，有草腥氣。
0273,Canton Abrus Herb,雞骨草,清熱解毒，舒肝止痛。用於黃疸，脅肋不舒，胃脘脹痛；急、慢性肝炎，乳腺炎。,甘、微苦，涼。,以根莖結節狀、莖葉全者為佳。,該品根多呈圓錐形，上粗下細，有分枝，長短不一，直徑0.5~1.5cm；表面灰棕色，粗糙，有細縱紋，支根極細，有的斷落或留有殘基；質硬。莖叢生，長50~100cm，直徑約0.2cm；灰棕色至紫褐色，小枝纖細，疏被或密被短柔毛。羽狀複葉互生，小葉8~11 對，多脫落，小葉矩圓形，廣州相思子葉長0.8~1.2cm，毛相思子葉長1.2~2.4cm，先端平截，有小突尖，下表面被伏毛。氣微香，味微苦。
0274,Fineleaf Schizonepeta Herb,荊芥,解表散風，透疹，消瘡，止血。用於感冒，麻疹透發不暢，便血、崩漏、鼻衄。,辛，微溫。,以色淡黃綠、香氣濃、穗長而密者為佳。,本品莖呈方柱形，上部有分枝，長50~80cm，直徑0.2~0.4cm；表面淡黃綠色或淡紫紅色，被短柔毛；體輕，質脆，斷面類白色。葉對生，多已脫落，葉片3~5羽狀分裂，裂片細長。穗狀輪傘花序頂生，長2~9cm，直徑約7mm。花冠多脫落，宿萼鐘狀，先端5齒裂，淡棕色或黃綠色，被短柔毛；小堅果棕黑色。氣芳香，味微澀而辛涼。
0275,Christina Loosestrife Herb,金錢草,利水通淋；清熱解毒；散瘀消腫。主治肝膽及泌尿系結石；熱淋；腎炎水腫；濕熱黃疸；瘡毒癰腫；毒蛇咬傷；跌打損傷。,甘、鹹，微寒。,以葉大、色綠者為佳。,全草多皺縮成團，下部莖節上有時著生纖細鬚根。莖扭曲，直徑約1mm；表面紅棕色，具縱直紋理；斷面實心，灰白色。葉對生，多皺縮破碎，完整葉寬卵形或心形，全緣，上面暗綠色至棕綠色，下面色較淺，用水浸後，透光可見黑色短條紋；葉柄細長，葉腋有時可見花或果實。氣微、味淡。
0276,Tamarisklike Spikemoss Herb,卷柏,活血通經。用於經閉痛經，癓瘕痞塊，跌撲損傷。外用可治刀傷。卷柏炭化瘀止血。用於吐血，崩漏，便血，脫肛。,辛，平。,以葉多、完整、不碎、綠色者為佳。,墊狀卷柏：鬚根多散生。中葉 (腹葉) 兩行，卵狀披針形，直向上排列。葉片左右兩側不等，內緣較平直，外緣常因內折而加厚，呈全緣狀。
0277,Chinese Pyrola Herb,鹿銜草,補虛、益腎、祛風除濕、活血調經、補腎強骨、祛風除濕、止咳、止血。主腎虛腰痛、風濕痹痛、筋骨痿軟、新久咳嗽、吐血、衄血、崩漏、外傷出血。,甘、苦，溫。,以紫紅色或紫褐色、無雜質者為佳。,乾燥全草，莖紫褐色，稍具棱，並有皺紋，無毛，微有光澤。葉柄長，扁平而中央凹下，兩邊呈膜質狀，常彎曲，無毛。葉片皺縮，稍破碎，上面紫紅色，少有呈棕綠色者，光滑，下面紫紅色，無毛，葉脈微突；紙質，易碎。有時可見花莖，上有數朵小花或扁球形棕色蒴果。氣無，味微苦。
0278,Chinese Ephedrs Herb,麻黃,發汗散寒，宣肺平喘，利水消腫。,辛、微苦，溫。,均以淡綠色或黃綠色，內心紅棕色、味苦澀、手拉不脫節者為佳。,中麻黃：多分枝，直徑1.5~3cm，有粗糙感。節間長2~6cm，膜質鱗葉長2~3mm，裂片3 (稀2)，先端銳尖。斷面髓部呈三角狀圓形。
0279,Common Scouring Rush,木賊,散風熱，退目翳。用於風熱目赤，迎風流淚，目生雲翳。,甘、苦，平。,以莖長、色綠、質厚、不脫節者為佳。,莖呈長管狀，不分枝。長40~60cm，直徑約6mm。表面灰綠色或黃綠色，有18~30條細縱縱棱，平直排列，棱脊上有2行細小的疣狀突起，觸之稍掛手。節上著生鱗處狀合生的筒狀葉鞘，葉鞘基部和先端具2圈棕黑色較寬的環。鞘片背面有2條棱脊及1條淺溝。質脆，易折斷，斷面中空。邊緣有20~30個小空腔，排列成環狀，內有白色或淺綠色的薄瓤。氣微，味微澀，嚼之有沙粒感。
0280,Mongolian Dandelion Herb,蒲公英,清熱解毒，消腫散結。主治上呼吸道感染，眼結膜炎，流行性腮腺炎，高血糖，乳癰腫痛，胃炎，痢疾，肝炎，膽囊炎，急性闌尾炎，泌尿系感染，盆腔炎，癰癤疔瘡，咽炎，治急性乳腺炎，淋巴腺炎，瘰癘，疔毒瘡腫，急性結膜炎，感冒發熱，急性扁桃體炎，急性支氣管炎、尿路感染。,甘、微苦，寒。,以顏色灰綠、無雜質、乾燥者為佳。,皺縮捲曲的團塊，根圓柱形，多彎曲長3~7cm，棕褐色，根頭部有茸毛，葉破碎，完整葉片為倒披針形，暗灰綠色或綠褐色，邊緣淺裂或具有羽狀缺刻，基部下延成柄狀，下表面主脈明顯，花葶1至數條，頭狀花序頂生，黃褐色或淡黃白色，有的可見多數具有白色冠毛的長橢圓形瘦果，氣微，味微苦。
0281,Sweet Wormwood Herb,青蒿,清透虛熱，涼血除蒸，除蒸，截瘧。用於暑邪發熱，陰虛發熱，夜熱早涼，骨蒸勞熱，瘧疾寒熱，濕熱黃疸。,苦、辛，寒。,以色綠、葉多、香氣濃者為佳。,莖圓柱形，上部多分枝，長30~80cm，直徑0.2~0.6cm，表面黃綠色或棕黃色，具縱棱線；質略硬，易折斷，斷面中部有髓。葉互生，暗綠色或棕綠色，捲縮，碎，完整者展平後為三回羽狀深裂，裂片及小裂片矩圓形或長橢圓形，兩面被短毛。氣香特異，味微苦。
0282,Fringed Pink Herb,瞿麥,利尿通淋，破血通經。用於熱淋、血淋、石淋、小便不通、淋瀝澀痛。,苦，寒。,以色青綠，花未開放者為佳。,瞿麥：莖圓柱形，長30~60cm，節部膨大；表面淡綠色或黃綠色，略有光澤，無毛。葉多皺縮，對生，黃綠色，展平後葉片長條披針形，長2~7cm，寬1~4mm；葉尖稍反卷，基部短鞘狀抱莖。花棕紫色或棕黃色，長3~4cm，單生或數朵簇生；具宿萼，萼筒長2.5~3.5cm，約為全花的3/4；萼下有小苞片，長約為萼筒的1/4，先端急尖或漸尖，外表有規則的縱紋；花瓣先端深裂呈流蘇狀。莖質硬脆，折斷面中空。氣無，味甘。
0283,Desertliving Cistanche Herb,肉蓯蓉,具有補腎陽，益精血，潤腸通便的功效。主治腎陽虛衰，精血虧損，陽痿，遺精，腰膝冷痛，耳鳴目花，帶濁，尿頻，月經愆期，崩漏，不孕不育，腸燥便秘。,甘、咸，溫。,以條粗壯、密生鱗葉、質柔潤者為佳。,管花肉蓯蓉：呈扁圓柱形、扁紡錘形、扁卵圓形、扁圓形等不規則形，長6~8cm，直徑4~6.5cm，表面紅棕色、灰黃棕色或棕褐色，多扭曲。密被略呈覆瓦狀排列的肉質鱗片，上部密下部疏、鱗片先端多已斷落，殘基部寬多在l釐米以上，整個鱗片略呈長三角形，高約1cm。體重、質堅硬，無韌性，難折斷，斷面顆粒性，多呈灰棕色，有的外圈呈黑色硬膠質樣。黑褐色點狀維管束眾多，不規則散在，有的有小裂隙。氣微，味甜、微苦。
0284,Japanese Clubmoss Herb,伸筋草,祛風散寒，除濕消腫，舒筋活絡。用於風寒濕痹，筋脈拘攣疼癰。外用治跌打扭傷腫痛。,苦、辛，溫。,以莖長、色黃綠者為佳。,乾燥根莖略彎曲，呈結節狀，上面具莖痕，下面具多數細長的根，長12~32cm，直徑1~3mm，表面黃白色或黃棕色，有細皺紋。質韌，不易折斷，斷面不平坦，白色，有黃白色木心。氣無，味微苦，帶粘性。
0285,Noble Dendrobium Stem Herb,石斛,養陰清熱，益胃生津。用於熱傷津液，低熱煩渴，舌紅少苔；胃陰不足，口渴咽乾，嘔逆少食，胃脘隱痛，舌光少苔；腎陰不足，視物昏花。,甘，微寒。,以金黃色、有光澤、質柔韌者為佳。,馬鞭石斛：莖細長圓錐形，上部有少數分枝，長30~150cm，直徑2~8mm，節間長2~4.5cm。表面棕黃色，有8~9條縱溝。質疏鬆，斷面纖維性。氣微，味微苦。商品常切成1.5~3cm長段，切面灰白色。
0286,Songaria Cynomorium Herb,鎖陽,補腎潤腸。治陽痿，尿血，血枯便秘，腰膝痿弱。,甘，溫。,以個肥大、色紅、堅實、斷麵粉性、不顯筋脈者為佳。,呈扁圓柱形或一端略細，長8~21cm，直徑2~5cm。表面紅棕色至深棕色，皺縮不平，形成粗大的縱溝或不規則的凹陷，有時可見三角形的鱗片，和有部分花序存在。質堅硬，不易折斷，斷面略顯顆粒性，棕色而柔潤。氣微香，味微苦而澀。鎖陽片為橫切或斜切成的厚約1cm左右的片段，往往用繩穿串。
0287,Snow Lotus Herb,天山雪蓮,溫腎助陽，祛風勝濕，通經活血。用於風塞濕痹痛、類風濕性關節炎，小腹疼痛，月經不調。,微苦，溫。,以完整、葉密集者為佳。,本品莖呈圓柱形，長2~48cm，直徑0.5~3cm；表面黃綠色或黃棕色，有的微帶紫色，具縱棱，斷面中空。莖生葉密集排列，無柄，或脫落留有殘基，完整葉片呈卵狀長圓形或廣披針形，兩面被柔毛，邊緣有鋸齒和緣毛，主脈明顯。頭狀花序頂生，10~42個密集成圓球形，無梗。苞葉長卵形或卵形，無柄，中部凹陷呈舟狀，膜質，半透明。總苞片3~4層，披針形，外層多呈紫褐色，內層棕黃色或黃白色。花管狀，紫紅色，柱頭2裂。瘦果圓柱形，具縱棱，羽狀冠毛2層。體輕，質脆。氣微香，味微苦。
0288,Chinese Cinquefoil Herb,委陵菜,清熱解毒，涼血止痢。用於赤痢腹痛，久痢不止，痔瘡出血，癰腫瘡毒。,苦，寒。,以灰白色、無花莖、無雜質者為佳。,該品根呈圓柱形或類圓錐形，略扭曲，有的有分枝，長5~17cm，直徑0.5~1cm；表面暗棕色或暗紫紅色，有縱紋，粗皮易成片狀剝落；根頭部稍膨大；質硬，易折斷，斷面皮部薄，暗棕色，常與木部分離，射線呈放射狀排列。葉基生，單數羽狀複葉，有柄；小葉狹長橢圓形，邊緣羽狀深裂，下表面及葉柄均密被灰白色柔毛。氣微，味澀、微苦。
0289,Chinese Mosla Herb,香薷,發汗解暑，行水散濕，溫胃調中。主治：夏月感寒飲冷，頭痛發熱，惡寒無汗，胸痞腹痛，嘔吐腹瀉，水腫，腳氣。,辛、甘，溫。,以枝嫩、穗多、香氣濃者為佳。,全體長14~30cm，被白以短茸毛。莖多分枝，四方柱形，近基部圓形，直徑0.5~5mm；表面黃棕以，近基部常呈棕紅色，節明顯，節間長2~5cm；質脆，易折斷，斷面淡黃色，葉對生，多脫落，皺縮或破碎，完整者展平後呈狹長披針形，長0.7~2.5cm，寬約4mm，邊緣有疏鋸齒，黃綠色或暗綠以；質脆，易碎。花輪密集成頭狀；苞片被白色柔毛；花萼鐘狀，先端5裂；花冠皺縮或脫落。小是對果4，包於宿萼內，香氣濃，味辛涼。栽培品全體長35~60cm，疏被較長的茸毛；莖較粗，節間長4~7cm。
0290,Hairyvein Agrimonia Herb,仙鶴草,收斂止血，止痢，殺蟲。廣泛用於各種出血之證，例如：吐血、尿血、便血、崩漏、咯血、衄血，赤白痢疾，勞傷脫力，癰腫，跌打，創傷出血等證。,苦、澀，平。,以梗紫色、葉青綠、多而完整、無雜質者為佳。,本品長50~100cm，全體被白色柔毛，莖下部圓柱形，直徑4~6mm，紅棕色，上部方柱形，四面略凹陷，綠褐色，有縱溝及棱線，有節；體輕，質硬，易折斷，斷面中空。單數羽狀複葉互生，暗綠色，皺縮捲曲；質脆，易碎；葉片有大小2種，相間生於葉軸上，頂端小葉較大，完整小葉片展平後呈卵形或長橢圓形，先端尖，基部楔形，邊緣有鋸齒；托葉2，抱莖，斜卵形。總狀花序細長，花萼下部呈筒狀，萼筒上部有鉤刺，先端5裂，花瓣黃色。氣微，味微苦。
0291,Glandulartalk St. Paulswort Herb,豨薟草,祛風濕，利關節，解毒。用於風濕痹痛、筋骨無力 、腰膝酸軟、四肢麻痹、半身不遂、風疹濕瘡。,辛、苦，寒。,以葉多、綠色、質嫩者為佳。,本品莖略呈方柱形，多分枝，長30~110cm，直徑0.3~1cm；表面灰綠色、黃棕色或紫棕色，有縱溝及細縱紋，被灰色柔毛；節明顯，略膨大；質脆，易折斷，斷面黃白色或帶綠色，髓部寬廣，類白色，中空。葉對生，葉片多皺縮、捲曲，展平後呈卵圓形，灰綠色，邊緣有鈍鋸齒，兩面皆有白色柔毛，主脈3出。有的可見黃色頭狀花序，總苞片匙形。氣微，味微苦。
0292,Common Motherwort Herb,益母草,活血、祛淤、調經、消水。治療婦女月經不調，胎漏難產，胞衣不下，產後血暈，瘀血腹痛，崩中漏下，尿血、瀉血，癰腫瘡瘍。,辛、苦，涼。,以枝嫩、黃綠色、帶葉花者為佳。,乾益母草：莖表面灰綠色或黃綠色；體輕，質韌，斷面中部有髓。葉片灰綠色，多皺縮、破碎，易脫落。輪傘花序腋生，小花淡紫色，花萼筒狀，花冠二唇形。切段者長約2cm。
0293,Capillary Wormwood Herb,茵陳,清熱利濕；退黃。主治：黃疸、小便不利、濕瘡瘙癢、傳染性黃疸型肝炎。,苦、辛，微寒。,以質嫩、綿軟、色灰白、香氣濃者為佳。,茵陳蒿：莖呈圓柱形，多分枝，長30~100cm，直徑2~8mm；表面淡紫色或紫色，有縱條紋，被短柔毛；體輕，質脆，斷面類白色。葉密集，或多脫落；下部葉二至三回羽狀深裂，裂片條形或細條形，兩面密被白色柔毛；莖生葉一至二回羽狀全裂，基部抱莖，裂片細絲狀；頭狀花序卵形，多數集成圓錐狀，長1.2~1.5mm，直徑1~1.2mm，有短梗；總苞片3~4層，卵形，苞片3裂；外層雌花6~10個，可多達15個，內層兩性花2~10個。瘦果長圓形，黃棕色。氣芳香，味微苦。
0294,Short-horned Epimedium Herb,淫羊藿,補腎陽，強筋骨，祛風濕。,辛、甘，溫。,以葉多、不碎、黃綠色者為佳。,朝鮮淫羊藿：小葉較大，長4~10cm，寬3.5~7cm，先端長尖。葉片較薄。
0295,Heartleaf Houttuynia Herb,魚腥草,清熱解毒；排膿消癰；利尿通淋。主治肺癰吐膿；痰熱喘咳；喉嚨；熱痢；癰腫瘡毒；熱淋。,苦、微寒。,以葉多、色綠、有花穗、魚腥氣濃者為佳。,乾品莖呈扁圓柱形，扭曲，長20~35cm，直徑0.2~0.3cm；表面棕黃色，具縱棱數條，節明顯，下部節上有殘存鬚根；質脆，易折斷。葉互生，葉片卷折皺縮，展平後呈心形，長3~5cm，寬3~4.5cm；先端漸尖，全緣；上表面暗黃綠色至暗棕色，下表面灰綠色或灰棕色；葉柄細長，基部與托葉合生成鞘狀。穗狀花序頂生，黃棕色。搓碎有魚腥氣，味微澀。
0296,Glabrous Scrcandra Herb,腫節風,抗菌消炎，祛風通絡，活血散結。用於肺炎、闌尾炎、蜂窩組織炎、風濕痹痛、跌撲損傷、腫瘤。,苦、辛，平。,以莖、葉色綠者為佳。,本品長50~120cm。根莖較粗大，密生細根。莖圓柱形，多分枝，直徑0.3~1.3cm；表面暗綠色至暗褐色，有明顯細縱紋，散有縱向皮孔，節膨大；質脆，易折斷，斷面有髓或中空。葉對生，葉片卵狀披針形至卵狀橢圓形，長5~15cm，寬3~6cm；表面綠色、綠褐色至棕褐色或棕紅色，光滑；邊緣有粗鋸齒，齒尖腺體黑褐色，葉柄長約 1cm；近革質。穗狀花序頂生，常分枝。氣微香，味微辛。
0297,Fortune’s Eupatorium Herb,佩蘭,芳香化濕，醒脾開胃，發表解暑。用於濕濁中阻，脘痞嘔惡，口中甜膩，口臭，多涎，暑濕表證，濕溫初起，發熱倦怠，胸悶不舒。,辛，平。,以質嫩、葉多、色綠、香氣濃郁者為佳。,本品莖呈圓柱形，表面黃棕色或黃綠色，有的帶紫色，有明顯的節和縱棱線；質脆，斷面髓部白色或中空。葉對生，有柄，葉片多皺縮、破碎，綠褐色，完整葉片3裂或不分裂，分裂者中間裂片較大，展平後呈披針形或長圓狀披針形，基部狹窄，邊緣有鋸齒；不分裂者展平後呈卵圓形、卵狀披針形或橢圓形。氣芳香，味微苦。
0298,Hirsute Bugleweed Herb,澤蘭,活血調經，祛瘀消癰，利水消腫。用於月經不調，經閉，痛經，產後瘀血腹痛，瘡癰腫毒，水腫腹水。,苦、辛，微溫。,以身乾、質嫩、色綠、葉多、不破碎者為佳。,本品莖呈方柱形，少分枝，四面均有淺縱溝，表面黃綠色或帶紫色，節處紫色明顯，有白色茸毛；質脆，斷面黃白色，髓部中空。葉對生，有短柄或近無柄；葉片多皺縮，展平後呈披針形或長圓形。上表面黑綠色或暗綠色，下表面灰綠色，密具腺點，兩面均有短毛；先端尖.基部漸狹，邊緣有鋸齒。輪傘花序腋生，花冠多脫落，苞片和花萼宿存，小包片披針形，有緣毛，花萼鐘形，5齒。氣微，味淡。
0299,Clove,丁香,暖胃，溫腎。治胃寒痛脹、呃逆、吐瀉、痹痛、疝痛、口臭、牙痛。,甘，溫。,以個大、粗壯、鮮紫棕色、香氣強烈、油多者為佳。,乾燥的花蕾略呈短棒狀，長1.5~2cm，紅棕色至暗棕色；下部為圓柱狀略扁的萼管，長1~1.3cm，寬約5mm，厚約3mm，基部漸狹小，表面粗糙，刻之有油滲出，萼管上端有4片三角形肥厚的萼；上部近圓球形，徑約6mm，具花瓣4片，互相抱合。將花蕾剖開，可見多數雄蕊，花絲向中心彎曲，中央有一粗壯直立的花柱，質堅實而重，入水即沉；斷面有油性，用指甲劃之可見油質滲出；氣強烈芳香，味辛。
0300,Buerger Pipewort Head,穀精草,祛風散熱，明目退翳。 治目翳，雀盲，頭痛，齒痛，喉痹，鼻衄。,辛、甘，平。,以珠大而緊、灰白色，花莖短、黃綠色，無根、葉及雜質者為佳。,花序呈扁圓形，直徑4~5mm；底部有鱗片狀淺黃色的總苞片，緊密排列呈盤狀；小花30~40朵，灰白色，排列甚密，表面附有白色的細粉；用手搓碎後，可見多數黑色小粒及灰綠色小形種子。花序下連一細長的花莖，長約15~18cm，黃綠色，有光澤；質柔，不易折斷。臭無，味淡，久嚼則成團。
0301,Silktree Albizia Flower,合歡花,舒鬱、理氣、安神、活絡、養血、滋陰腎、清心明目。,甘，平。,以表皮細密、內皮色黃、味澀有刺舌感者為佳。,呈捲筒狀或淺槽狀，粗細長短不一，長15~50cm，厚0.2~0.3cm。外表在炭綠色或灰棕色，稍有縱皺紋，橫向皮孔密生，橢圓形，棕紅色，偶有突起的橫棱或較大的圓形絕痕 (側枝痕) 。內表面淡黃色，有細縱紋。質硬而脆，斷面黃白色，呈纖維性刺片狀。氣微，味澀而微苦，稍刺舌，而後喉頭有不適感。
0302,Black Locust Flower,槐花,涼血止血，清肝瀉火。主治腸風便血，痔血，血痢，尿血，血淋，崩漏，吐血，衄血，肝火頭痛，目赤腫痛，喉痹，失音，癰疽瘡瘍。,苦，微寒。,以黃綠色、粒大、緊實者為佳。,皺縮而捲曲，花瓣多散落，完整者花萼鐘狀，黃綠色，花瓣黃色或黃白色。體輕。味微苦。花蕾 (槐米) 卵形或橢圓形。花萼黃綠色，上方為未開放的黃白色花瓣，內呈黃褐色。質輕。味微苦澀。
0303,Mexican Frangipani Flower,雞蛋花,清熱解暑、清腸止瀉、止咳化痰。主治中暑、痢疾、腹痛、咳嗽。,甘，平。,以淨花、乾燥、色黃褐、氣芳香者為佳。,乾燥花朵，黃褐色至棕褐色，皺縮，主要為5枚大形旋轉排列的花瓣。花瓣倒卵形，長約3cm，寬約1.5cm；下部合生成細管，長約1.5cm。內藏雄蕊5，花絲極短；有時可見小的卵狀子房。氣醇香，味清淡稍苦。
0304,Cockscomb Flower,雞冠花,收斂止血，止帶，止痢。用於吐血，崩漏，便血，痔血，赤白帶下，久痢不止。,甘、澀，微寒。,以色澤鮮豔、朵大而扁者為佳。,本品為穗狀花序，多扁平而肥厚，呈雞冠狀。長8~25cm，寬5~20cm，最大直徑40cm。上緣寬，具皺褶，密生線狀鱗片，下端漸窄，常殘留扁平的莖。表面紅色、紫紅色或黃白色；中部以下密生多數小花，每花宿存的苞片及花被片均呈膜質。果實蓋裂，種子扁圓腎形，黑色，有光澤。體輕，質柔韌。無臭，味淡。
0305,Japanese Honysuckle Flower Bud,金銀花,宣散風熱，清熱解毒。用於各種熱性病，如身熱、發疹、發斑、熱毒瘡癰、咽喉腫痛等證。,甘，寒。,以花蕾多、色淡、柔軟氣清香者為佳。,本品呈棒狀，上粗下細，略彎曲，長2~3cm，上部直徑3mm，下部直徑1.5mm，表面黃白色或綠白色，密被短柔毛。偶見葉狀苞片，花萼綠色、先端5裂，裂片有毛，長約2mm，開放者花冠筒狀，先端二唇形，雄蕊5附於筒壁，黃色；雌蕊1個，子房無毛，氣清香，味淡微苦。
0306,Florists Dendranthema,菊花,清熱解毒，平肝明目；疏風散熱。,苦，微寒。,以花朵完整、顏色鮮豔、清香者為佳。,滁菊：呈不規則球形或扁球形，直徑1.5~2.5cm，舌狀花類白色，不規則扭曲，內卷，邊緣皺縮，有時可見淡褐色的腺點，管狀花大多隱藏。是菊花中花瓣最為緊密的一種。
0307,Common Coltsfoot Flower,款冬花,化痰止咳，鎮咳下氣，潤肺祛痰，降逆止嘔。主治咳嗽，氣喘，肺痿，咳吐痰血等症。,辛、微苦，溫。,以2~3朵並連、蕾大、身乾、色紫紅、梗極短、無開放花朵者為佳。,款冬花花蕾呈捧狀或長橢圓形，單一或2~3並生，有時可達5朵，俗稱“連三朵”。一般長約1~3cm，直徑約0.5~0.8cm。花蕾及花柄上包有粉紫 色或淡棕褐色鱗狀苞片數層。鱗狀苞片包裹著黃棕色未成形的細小舌狀及管狀花如蜘蛛絲樣的紫狀物。氣清香，味微苦辛，嚼之如絮。
0308,Chinese Trumpetcreeper,淩霄花,行血去瘀，涼血祛風。用於經閉癓瘕，產後乳腫，風疹發紅，皮膚瘙癢，痤瘡。,甘、酸，寒。,以完整、朵大、棕黃色者為佳。,淩霄花：多皺縮捲曲，黃褐色至棕褐色，完整花朵長4~5cm。萼筒鐘狀，長2~2.5cm，裂片5，裂至中部，萼筒基部至萼齒尖有5條縱棱。花冠先端5裂，裂片半圓形，下部聯合呈漏斗狀，表面可見細脈紋，內表面較明顯。雄蕊4，著生在花冠上，2長2短，花藥個字形，花柱1，柱頭扁平。氣清香，味微苦、酸。蒴果長如莢，頂端鈍。
0309,Rose,玫瑰花,行氣解鬱，和血，止痛。用於肝胃氣痛，食少嘔惡，月經不調，跌撲傷痛。,甘、微苦，溫。,以完整、朵大、瓣厚、不露蕊、香氣濃、鮮紫色者佳。,本品略呈半球形或不規則團狀，直徑1~2.5cm。花托半球形，與花萼基部合生；萼片5，披針形，黃綠色或棕綠色，被有細柔毛；花瓣多皺縮，展平後寬卵形，呈覆瓦狀排列，紫紅色，有的黃棕色；雄蕊多數，黃褐色。體輕，質脆。氣芳香濃郁，味微苦澀。
0310,Chinese Azalea Flower,鬧羊花,驅風，除濕，消腫，止痛。治風寒濕痹，跌打損傷，痔漏，癬瘡。,辛，溫，有毒。,以花灰黃色、不黴、無其他混雜物為佳。,花多皺縮。花梗灰白色，長短不等。花萼5裂，邊緣有較長的細毛。花冠鐘狀，長至3cm，5裂，頂端卷折，表面疏生短柔毛，灰黃色至黃褐色。雄蕊較花冠為長，彎曲，露出花冠外，花藥棕黃色，2室，孔裂。商品不帶子房，花等及花梗也常除去。氣微，味微苦。
0311,Cattail Pollen,蒲黃,止血，化瘀，通淋。用於吐血、衄血、咯血、崩漏、外傷出血、經閉、痛經、脘腹刺痛、跌打腫痛、血淋濕痛。,甘、平。,以粉細、純淨、體輕、色鮮黃、滑膩感強者為佳。,花粉為黃色粉末。體輕，放水中則飄浮水面。手撚有骨膩感，易附著手指上，氣微，味淡。花粉粒類圓形或橢圓形，直徑17~29μm，表面有網狀雕紋，周邊輪廓線光滑，呈凸波狀或齒輪狀，具單孔，不甚明顯。
0312,Wild Honeysuckle Flower Bud,山銀花,清熱解毒、涼散風熱。,甘，寒。,以綠棕色、含苞待放、香氣濃者為佳。,呈棒狀而銷彎，長3~4.5cm，上部直徑2mm，下部直徑1mm，表面綠棕色至黃白色。總花梗集結成簇。開放者花冠裂片，不及全長之半，質稍硬，手捏之稍有彈性，氣清香，味微苦甘。
0313,Common Selfheal Spike,夏枯草,清火明目，散結消腫。治目赤腫痛、頭痛、瘰鬁、癭瘤、乳癰腫痛。,辛、苦，寒。,以色紫褐、穗大者為佳。,該品呈棒狀，略扁，長1.5~8cm，直徑0.8~1.5cm，淡棕色至棕紅色。全穗由數輪至10數輪宿萼與苞片組成，每輪有對生苞片2 片，呈扇形，先端尖尾狀，脈紋明顯，外表面有白毛。每一苞片內有花3 朵，花冠多已脫落，宿萼二唇形，內有小堅果4枚，卵圓形，棕色，尖端有白色突起。體輕質脆，微有清香氣，味淡。
0314,Biod Magnolia Bud,辛夷,祛風，通竅。治頭痛，鼻淵，鼻塞不通，齒痛。,辛，溫。,以花蕾未綻、緊實、完整、無枝梗、香氣濃者為佳。,武當玉蘭：長2~4cm，直徑1~2cm。枝梗粗壯，皮孔紅棕色。苞片外表面密被淡黃色或淡黃綠色茸毛，有的最外層苞片茸毛已脫落而呈黑褐色。花被片10~12~15，內外輪無顯著差異。
0315,Hindu Datura Flower,洋金花,鎮痙、鎮靜、鎮痛、麻醉的功能。其花燃燒後生成的煙對哮喘病人有較強的平喘作用。,辛，溫，有毒。,以顏色淺者為佳。,毛曼陀羅：完整者長9~11cm，花冠裂片先端呈三角形，兩花冠裂片間有短尖，柱頭呈戟狀。
0316,Wild Dendranthema Flower,野菊花,清熱解毒，消腫。對金黃色葡萄球菌、白喉桿菌、鏈球菌、綠膿桿菌、蒺疾桿菌、流感病毒，均有抑制作用。,苦、辛，微寒。,以黃色、完整、氣香者為佳。,花序呈類球形，直徑0.3~1cm，棕黃色。總苞由4~5層苞片組成。舌狀花一輪，黃色，皺縮捲曲；管狀花多數，深黃色。體輕。氣芳香，味苦。
0317,Lilac Daphe Flower Bud,芫花,瀉水逐飲，解毒殺蟲。用於水腫脹滿，胸腹積水，痰飲積聚，氣逆喘咳，二便不利；外治疥癬禿瘡，凍瘡。根皮：消腫解毒，活血止痛。用於急性乳腺炎，癰癤腫毒，淋巴結結核，腹水，風濕痛，牙痛，跌打損傷。,甘、苦，溫，有毒。,以花蕾多而整齊、淡紫色、無破碎者為佳。,該品常3~7朵簇生於短花軸上，基部有苞片1~2片，多脫落為單朵。單朵呈棒槌狀，多彎曲，長1~1.7cm，直徑約1.5mm；花被筒表面淡紫色或灰綠色，密被短柔毛，先端4裂，裂片淡紫色或黃棕色。質軟。
0318,Chinese Rose Flower,月季花,活血調經。用於月經不調、痛經。,甘，溫。,以完整、紫紅色、半開放、香氣濃者為佳。,花蕾類球形，直徑1.5~2.5cm。花托長圓形；萼片5，暗綠色先端尾尖；花瓣複瓦狀排列，有的散落，長圓形，紫紅色或淡紫紅色；雄蕊多數，黃色。體輕，質脆。氣清香，味淡、微苦。
0319,Safflower,紅花,活血通經，散瘀止痛，用於閉經，痛經，惡露不行，症瘕痞塊，胸痹心痛，癡滯腹痛，胸脅刺痛，跌撲損傷，瘡瘍腫痛。,辛，溫。,以花色紅黃、鮮豔、乾燥、質柔軟者為佳。,本品為不帶子房的管狀花，表面紅黃色或紅色，花冠筒細長，先端5裂，裂片呈狹條形，雄蕊5，花藥聚合成筒狀，黃白色；柱頭長圓柱形，頂端微分叉。質柔軟。氣微香，味微苦。
0320,Saffon Crocus Style and Stigma,西紅花,活血化瘀，涼血解毒，解鬱安神。用於經閉症瘕、產後瘀阻、溫毒發斑、憂鬱痞悶、驚悸發狂。,甘，平。,以身長，色紫紅，滋潤而有光澤，黃色花柱少，味辛涼者為佳。,本品呈線形，三分枝，長約3cm暗紅色，上部較寬而略扁平，頂端邊緣顯不整齊的街狀，內側有一短裂隙，下端有時殘留一小段黃色花柱。體輕，質鬆軟。無油潤光澤，乾燥後質脆易斷。氣特異，微有刺激性，味微苦。
0321,Winteersweet Flower Bud,臘梅花,解毒清熱；理氣開鬱。主暑熱煩渴；頭暈；胸悶脘痞；梅核氣；咽喉腫痛。,辛，甘。,以花心色正、完整飽滿而未開放者為佳。,乾燥花蕾呈圓形、矩形或倒卵形，長1~1.5cm，寬約0.4~0.8cm，花被疊合作花芽狀，棕黃色，下半部由多數膜質鱗片所包，鱗片黃褐色，略呈三角形，有微毛。氣香，味微甜，後苦，稍有油膩感。商品有二種：素心蠟梅：花心黃色，重瓣，花瓣圓而大，朵大。紅心蠟梅：花心紅色，單瓣，花瓣狹而尖，朵小，質較次。
0322,Japanese Inula Flower,旋覆花,降氣，消痰，行水，止嘔。用於風寒咳嗽，痰飲蓄結，胸膈痞滿，喘咳痰多，嘔吐噫氣，心下痞硬。,苦，辛、咸，微溫。,以朵大、金黃色、有白絨毛、無枝梗者為佳。,本品呈扁球形或類球形，直徑1~2cm。總苞由多數苞片組成，呈覆瓦狀排列，苞片披針形或條形，灰黃色，長4~11mm；總苞基部有時殘留花梗，苞片及花梗表面被白色茸毛，舌狀花1列，黃色，長約1cm，多捲曲，常脫落，先端3齒裂；管狀花多數，棕黃色，長約5mm，先端5齒裂；子房頂端有多數白色冠毛，長5~6mm。有的可見橢圓形小瘦果。體輕，易散碎。氣微，味微苦。
0323,Chinese Arborviae Twig and Leaf,側柏葉,涼血，止血，祛風濕，散腫毒。治吐血、衄血、尿血、血痢、腸風、崩漏，風濕痹痛，細菌性痢疾，高血壓，咳嗽，丹毒，痄腮，燙傷。,苦、澀，寒。,以葉嫩、青綠色，無碎末者為佳。,多有分支，小且長短不一，為鱗片狀。顏色為紅褐色。表面可見葉相互對生，斷面黃白色。質地鬆脆、易被折斷。莖枝類圓柱形，紅棕色；小枝扁平，直徑1~2mm。葉細小鱗片狀，交互對生，貼伏於枝上，深綠色或黃綠色。質脆。氣清香，味苦澀、微辛。
0324,Chinese Arborviae Twig and Leaf,,涼血，止血，祛風濕，散腫毒。治吐血、衄血、尿血、血痢、腸風、崩漏，風濕痹痛，細菌性痢疾，高血壓，咳嗽，丹毒，痄腮，燙傷。,苦、澀，寒。,以葉嫩、青綠色，無碎末者為佳。,多有分支，小且長短不一，為鱗片狀。顏色為紅褐色。表面可見葉相互對生，斷面黃白色。質地鬆脆、易被折斷。莖枝類圓柱形，紅棕色；小枝扁平，直徑1~2mm。葉細小鱗片狀，交互對生，貼伏於枝上，深綠色或黃綠色。質脆。氣清香，味苦澀、微辛。
0325,Indigowoad Leaf,大青葉,清熱，解毒，涼血，止血。治溫病熱盛煩渴，流行性感冒，急性傳染性肝炎，菌痢，急性胃腸炎，急性肺炎，丹毒，吐血，衄血，黃疸，痢疾，喉痹，口瘡，癰疽腫毒。,苦，寒。,以葉大、無柄、色暗灰綠者為佳。,乾燥葉皺編成團塊狀，有時破碎，呈灰綠色或黃棕色。完整的葉呈長橢圓形至長圓狀倒披針形，長4~11cm，寬1~3cm，全緣或微波狀；先端鈍尖，基部漸狹，延成翼狀，上面有時可見點狀突起，下面中脈明顯。葉柄長5~7cm，腹面稍凹下。質脆易碎。氣微弱，味稍苦。
0326,Eucommia ulmoides Oliv,杜仲葉,補肝腎，強筋骨。用於肝腎不足，頭暈目眩，腰膝酸痛，筋骨痿軟。,微辛，溫。,以完整、黃綠色、無雜質者為佳。,杜仲葉面呈橢圓形或卵形，長7~15cm，寬3.5~7cm。表面黃綠色或黃褐色，微有光澤。先端漸尖，基部圓形成廣楔形，邊緣有鋸齒，具短葉柄。質脆，搓之易碎，折斷面有少量銀白色橡膠絲相連。氣味，味微苦。
0327,Sanna Leaf,番瀉葉,瀉熱行滯，通便，利水。用於熱結積滯，便秘腹痛，水腫脹滿。,甘、苦，寒。,以葉大、完整、色綠、梗少者為佳。,尖葉番瀉葉：呈披針形或長卵形，略捲曲，葉端短尖或微凸，葉基不對稱，兩面均有細短毛茸。
0328,Chinese Holly Leaf,枸骨葉,補肝腎，養氣血，祛風濕。用於肺癆咳嗽、勞傷失血、腰膝痿弱、風濕痹痛、跌打損傷。,苦，涼。,以色綠、葉大者為佳。,本品呈類長方形或矩圓狀長方形，偶有長卵圓形，長3~8cm，寬1.5~4cm。先端具3 枚較大的硬刺齒，頂端1枚常反曲，基部平截或寬楔形，兩側有時各具刺齒1~3枚，邊緣稍反卷；長卵圓形葉常無刺齒。上表面黃綠色或綠褐色，有光澤，下表面灰黃色或灰綠色。葉脈羽狀，葉柄較短。革質，硬而厚。無臭，味微苦。
0329,Hindu Lotus Leaf,荷葉,清熱解暑，升發清陽，涼血止血。用於暑熱煩渴，暑濕泄瀉，脾虛泄瀉，血熱吐衄，便血崩漏。,苦，平。,以葉大、整潔、色綠者為佳。,荷葉葉多折成半圓形或扇形，展開後呈類圓形，直徑20~50cm，全緣或稍波狀。上表面深綠色或黃綠較粗糙；下表面淡灰棕色，較光滑，有粗脈21~22條，處中心向四周射出，中心有突起的葉西峽錢基。質脆，易破碎。微有清香氣，味微苦。
0330,PaniculateJasminorangeTwig and Leaf,九里香,行氣止痛，活血散瘀。用於胃痛，風濕痹痛；外治牙痛，跌撲腫痛，蟲蛇咬傷。,辛、微苦，溫，有小毒。,以葉多、色綠、香氣濃者為佳。,千里香：小葉片呈卵形或橢圓形，最寬處在中部或中部以下，長2~8cm，寬1~3cm，先端漸尖或短尖。
0331,Dogbane Leaf,羅布麻葉,平肝安神，清熱利水。用於肝陽眩暈，心悸失眠，浮腫尿少；高血壓病，神經衰弱，腎炎浮腫。,甘、苦，涼。,以完整、色綠者為佳。,多皺縮捲曲，有的破碎，完整葉片展平後呈橢圓狀披針形或卵圓狀披針形，長2~5cm，寬0.5~2cm，淡綠色或灰綠色，先端鈍，有小芒尖，基部鈍圓或楔形，邊緣具細齒，常反卷，兩面無毛，葉脈於下表面突起；葉柄細，長約4mm。質脆。氣微，味淡。
0332,Hempleaf Negundo Chastetree Leaf,牡荊葉,解表化濕，祛痰平喘；解毒，祛風解表，除濕，殺蟲，止痛。主治傷風感冒，咳嗽哮喘；胃痛；腹痛；暑濕瀉痢；腳氣腫脹；風疹瘙癢；腳癬；乳癰腫痛；蛇蟲咬傷。,辛、苦，平。,以香氣濃、色綠者為佳。,本品為掌狀複葉，小葉5片或3片，披針形或橢圓狀披針形，中間小葉長5~10cm，寬2~4cm，兩側小葉依次漸小，先端漸尖，基部楔形，邊緣具粗鋸齒；上表面綠色，下表面淡綠色，兩面沿葉脈有短茸毛，嫩葉下表面毛較密；總葉柄長2~6cm，有一淺溝槽，密被灰白色茸毛。氣芳香，味辛微苦。
0333,Loquat Leaf,枇杷葉,清肺止咳，降逆止嘔。　肺熱咳嗽，氣逆喘急，胃熱嘔吐，噦逆。,苦，微寒。,以完整、葉厚、色綠者佳。,葉片長橢圓形，長12~30cm，寬4~9cm。上表面淡棕綠色、黃綠色或紅棕色，有光澤。下表面灰綠色或棕黃色，密佈灰棕色絨毛。葉脈呈羽毛狀兩側斜生，中間主脈呈棕黃或棕紅色，顯著突起。葉先端漸尖，周邊有疏鋸齒。葉柄極短，被黃棕色或棕黑色絨毛。葉厚革質，質脆易碎。微有清香氣，味微苦。
0334,Mulberry Leaf,桑葉,疏散風熱，清肺潤燥，平抑肝陽，清肝明目，涼血止血。,甘、苦，寒。,以色黃綠且葉大者為佳。,多皺縮，破碎。完整者有柄，葉片上面黃綠色或淺黃棕色，有的有小疣狀突起；下表面色較淺，葉脈突起，小脈網狀，脈上被疏毛，脈基具簇毛。質脆。氣微，味淡、微苦、澀。
0335,Howthorn Leaf,山楂葉,止癢，斂瘡，降血壓。主漆瘡，潰瘍不斂，高血壓病。,酸，平。,以葉多、色綠、氣清香者為佳。,奇數羽狀複葉多不完整，葉柄及葉軸較粗，淡黃色棕色。小葉片多皺縮破碎，完整者寬披針形，不等邊，略呈鐮狀彎曲。長4~11cm，寬2~4cm，上表面灰綠色，下表面黃綠色，邊緣有重鋸齒，薄革質。氣微清香，味淡。
0336,Japanese Felt Fern,石韋,利尿通淋，清熱止血。用於熱淋，血淋，石淋，小便不通，淋瀝澀痛，吐血，衄血，尿血，崩漏，肺熱喘咳。,甘、苦，微寒。,以葉片完整、葉厚而大、背面色發紅且有小點者為佳。,有柄石韋：葉片多捲曲呈筒狀，展平後呈長圓形或卵狀長圓形，長3~8cm，寬1~2.5cm。基部楔形，對稱。下表面側脈不明顯，佈滿孢子囊群。葉柄長3~12cm，直徑約1mm。
0337,Ginkgo Leaf,銀杏葉,斂肺，平喘，活血化瘀，止痛。用於肺虛咳喘；冠心病，心絞痛，高血脂，抗凝固，有一定概率提高記憶力。,甘、苦、澀，平。,以平整、無雜質者為佳。,本品多皺折或破碎，完整者呈扇形，長3~12cm，寬5~15cm。黃綠色或淺棕黃色，上緣呈不規則的波狀彎曲，有的中間凹入，深者可達葉長的4/5。具二叉狀平行葉脈，細而密，光滑無毛，易縱向撕裂。葉基楔形葉柄長2~8cm。體輕。氣微，味微苦。
0338,Cultibated Purple Perilla Leaf,紫蘇葉,發表，散寒，理氣，和營。治感冒風寒，惡寒發熱，咳嗽，頭痛無汗，氣喘，胸腹脹滿，嘔惡腹瀉，咽中梗阻，妊娠惡阻，胎動不安。並能解魚蟹毒。,辛，微溫。,以葉大、色紫、不碎、香氣濃、無枝梗者為佳。,乾燥完整的葉呈卵形或圓卵形，多數皺縮捲曲，或已破碎，兩面均棕紫色，或上面灰綠色，下面棕紫色，兩面均有稀毛；先端尖，邊緣有鋸齒，基部近圓形，有柄，質薄而脆。切碎品多混有細小莖枝。莖四方形，有槽，外皮黃紫色，有時剝落，木質部黃白色，中央有白色疏鬆的髓。氣芳香，味微辛。
0339,Fortune Windmillpalm Petiole,棕櫚,收斂止血。用於吐血，衄血，尿血，便血，崩漏。,苦、澀，平。,以質硬而韌，不易折斷者為佳。,本品呈長條板狀，一端較窄而厚，另端較寬而稍薄，大小不等。表面紅棕色，粗糙，有縱直皺紋；一面有明顯的凸出纖維，纖維的兩側若生多數棕色茸毛。質硬而韌，不易折斷，新面纖維性。氣微，味淡。
0340,Liy Bulb,百合,養陰潤肺，清心安神。用於陰虛久咳，痰中帶血，虛煩驚悸，失眠多夢，精神恍惚。,甘，寒。,以瓣勻肉厚、色黃白、質堅、筋少者為佳。,細葉百合：鱗葉長約5.5cm，寬約2.5cm，厚至3.5mm，色較暗，脈紋不太明顯。
0341,Denesefruit Pittany Root - bark,白鮮皮,清熱燥濕；祛風止癢；解毒。主治風熱濕毒所致的風疹；濕疹；疥癬；黃疸；濕熱痹。,苦、鹹，寒。,以條大、肉厚、包灰白、斷面分居者為佳。,白鮮根皮呈捲筒狀，長5~15cm，直徑1~2cm，厚2~5mm。外表面灰白色或淡灰黃色，具細縱皺紋及細根痕，常有突起的顆粒狀小點；內表面類白色，有細縱紋。質脆，折斷時有粉塵飛揚，斷面不平坦，略呈層片狀，剝去外層，對光可見閃爍的小亮點。有羊膻氣，味微苦。
0342,Heaven Ailanthus Root - bark or Bark,椿皮,清熱燥濕，收澀止帶，止瀉，止血。用於赤白帶下，濕熱瀉痢，久瀉久痢，便血，崩漏。,苦、澀，寒。,以無粗皮、肉厚、內面黃白色者為佳。,乾皮多呈扁平塊狀，厚3~5mm或更厚；外表面暗灰色至灰黑色，具不規則縱橫裂，皮孔大，去栓皮後呈淡棕黃色；折斷面顆粒性。
0343,Chinese Wolfberry Root - bark,地骨皮,涼血除蒸，清肺降火。用於陰虛潮熱、骨蒸盜汗、肺熱咳嗽、咯血、衄血。,甘，寒。,以塊大、肉厚、無木心與雜質者為佳。,乾燥根皮為短小的筒狀或槽狀卷片，大小不一，一般長3~10cm，寬0.6~1.5cm，厚約3mm。外表面灰黃色或棕黃色，粗糙，有錯雜的縱裂紋，易剝落。內表面黃白色，較平坦，有細縱紋。質輕脆，易折斷，斷面不平坦，外層棕黃色，內層灰白色。臭微。味微甘。
0344,Eucommia Bark,杜仲,補肝腎，強筋骨，安胎。治腰脊酸疼，足膝痿弱，小便余瀝，陰下濕癢，胎漏欲墮，胎動不安，高血壓。,甘，溫。,以皮厚而大，糙皮刮淨，外面黃棕色，內面黑褐色而光，折斷時白絲多者為佳。,乾燥樹皮，為平坦的板片狀或卷片狀，大小厚薄不一，一般厚約3~10mm，長約40~100cm。外表面灰棕色，粗糙，有不規則縱裂槽紋及斜方形橫裂皮孔，有時可見淡灰色地衣斑。但商品多已削去部分糙皮，故外表面淡棕色，較平滑。內表面光滑，暗紫色。質脆易折斷，斷面有銀白色絲狀物相連，細密，略有伸縮性。氣微，味稍苦，嚼之有膠狀殘餘物。
0345,Chinese Corktree Bark,關黃柏,清熱燥濕，瀉火除蒸，解毒療瘡。用於濕熱瀉痢、黃疸、帶下、熱淋、腳氣、骨蒸勞熱、盜汗、遺精、瘡瘍腫毒。,苦，寒。,以皮厚斷面黃色者為佳。,藥材呈板狀，長寬不一，厚2~4mm。外表面黃綠色或淡棕黃色，較平坦，有不規則的縱裂紋，皮孔痕小而少見，偶有灰白色的粗皮殘留。內表面黃色或黃棕色。體輕，質較硬，斷面鮮黃色或黃綠色，纖維性，有的呈裂片裝分層。氣微，味極苦，嚼之有粘性。
0346,Amur Corktree Bark,黃柏,清熱燥濕，瀉火除蒸，解毒療瘡。用於濕熱瀉痢，黃疸，帶下，熱淋，腳氣，骨蒸勞熱，盜汗，遺精，瘡瘍腫毒，濕疹瘙癢。,苦，寒。,以皮厚斷面黃色者為佳。,呈板片狀或淺槽狀，長寬不一，厚3~6mm。外表面黃褐色或黃棕色，平坦或具縱溝紋，有的可見皮孔痕及殘存的灰褐色粗皮。內表面暗黃色或淡棕色，具細密的縱棱紋。體輕，質硬，斷面纖維性，呈裂片狀分層，深黃色。氣微，味甚苦，嚼之有粘性。
0347,Officinal Magnolia Bark,厚樸,行氣消積；燥濕除滿；降逆平喘。主治食積氣滯；腹脹便秘；濕阻中焦，脘痞吐瀉；痰壅氣逆；胸滿喘咳。,苦、辛，溫。,均以皮厚、肉細、油性大，斷面紫棕色、有小亮星、氣味濃厚者為佳。,枝皮 (枝樸) ：呈單筒狀，長10~20cm，厚1~2mm。外表面灰褐色，內表面黃棕色。質脆，易折斷，斷面纖維性。
0348,Chinaberry - Tree Bark,苦楝皮,清熱，燥濕，殺蟲。治蛔蟲，蟯蟲，風疹，疥癬。,苦，寒，有毒。,以乾燥、皮厚、條大、無槽朽、去栓皮者為佳。,樹皮：呈槽形的片狀或長捲筒狀。長短不一，長約30~100cm，寬3~10cm，厚3~7mm，外表面灰褐色或灰棕色，較平坦，有多數縱向裂紋及橫向延長的皮孔。內表面白色或淡黃色。質堅脆，易折斷，斷面纖維性層片狀。氣味與根皮同。
0349,Tree Peony Root - bark,牡丹皮,清熱涼血；活血散瘀。溫熱病熱入血分；發斑；吐衄；熱病後期熱伏陰分發熱；陰虛骨蒸潮熱；血滯經閉；痛經；癰腫瘡毒；跌撲傷痛；風濕熱痹。,苦、辛，微寒。,以條粗長、皮厚、無木心、斷面粉白色、具粉性、“亮銀星”多、香氣濃者為佳。,呈筒狀或半筒狀，有縱剖開的縫，略向內捲曲或張開，長5~20cm，直徑0.5~1.2cm，厚0.1~0.4cm。原丹皮外表面灰褐色或黃褐色，有多數橫長皮孔及細根痕，栓皮脫落處粉紅色；刮丹皮粉紅色或淡紅色。內表面淡灰黃色或淺棕色，有明顯的細縱紋，常見發亮的結晶 (系針、柱狀牡丹酚結晶) 。質硬而脆，易折斷。斷面較平坦，淡粉紅色，粉性，紋理不明顯。氣芳香，味微苦而澀，有麻舌感 。
0350,Ash Bark,秦皮,清熱燥濕，清肝明目，收澀止痢，止帶。用於熱毒瀉痢，帶下陰癢，肝熱目赤腫痛，目生翳障。,苦，寒。,以條長、外皮薄而光滑者為佳。,幹皮：為長條狀塊片，厚3~6mm。外表面灰棕色，有紅棕色圓形或橫長的皮孔及龜裂狀溝紋。質堅硬，斷面纖維性較強。
0351,Cassia Bark,肉桂,補火助陽，引火歸源，散寒止痛，活血通經。暖脾胃，除積冷，通血脈。治命門火衰，肢冷脈微，亡陽虛脫，腹痛泄瀉，寒疝奔豚，腰膝冷痛，經閉症瘕，陰疽，流注，及虛陽浮越，上熱下寒。,辛、甘，大熱。,以完整不碎、皮厚體重、外表面具細皺紋，油性大、香氣濃者為佳。,桂碎：大小不規則片塊狀或短捲筒狀，外皮灰棕色，斷面和內皮呈棕色或棕褐色，氣香，味甜辣。
0352,White Mulberry Root - bark,桑白皮,瀉肺平喘，利水消腫。用於肺熱咳喘，面目浮腫，小便不利等症。,甘，寒。,以色白、皮厚、粉性足者為佳。,長片狀槽狀形，左右兩邊向內捲曲，卷邊呈半筒形，槽的中呈長而扭曲的板片狀，筒狀或兩邊向內卷成槽狀，長短寬窄不一，厚0.1~0.5cm。外表面淡黃白色，有少數棕黃色或紅棕色斑點 (殘留栓皮)，內表面黃白色或灰黃色，平滑，有細縱紋，有的縱向裂開，露出纖維。體輕質韌，難折斷，易縱向撕裂，撕裂時有白色粉塵飛出，氣微，味微甜。
0353,Golden Larch Root - bark or Bark,土荊皮,殺蟲，止癢。用於疥癬瘙癢。,辛，溫，有毒。,以皮厚、條長、堅實者為佳。,本品根皮呈不規則的長條狀，扭曲而稍卷，大小不一，厚2~5mm。外表面灰黃色，粗糙，有皺紋及灰白色橫向皮孔，粗皮常呈鱗片狀剝落，剝落處紅棕色。內表面黃棕色至紅棕色，平坦，有細緻的縱向紋理。質韌，折斷面呈裂片狀，可層層剝離。氣微，味苦而澀。樹皮呈板片狀，厚約至8mm，粗皮較厚，外表面龜裂狀，內表面較粗糙。
0354,SlenderstyleAcanthopanax Root - bark,五加皮,祛風除濕，補益肝腎，強筋壯骨，利水消腫。用於風濕痹病，筋骨痿軟，小兒行遲，體虛乏力，水腫，腳氣。,辛、苦，溫。,以皮厚、氣香、斷面灰白色為佳。,本品呈不規則捲筒狀。外表面灰揭色，有稍扭曲的縱皺紋和橫長皮孔樣斑痕；內表皮淡黃色或灰黃色，有細縱紋。體輕，質脆，易折斷，斷面不整齊，灰白色，氣微香，味微辣而苦。
0355,Chinese Silkvine Root - bark,香加皮,利水消腫，祛風濕，強筋骨。用於下肢浮腫、心悸氣，風寒濕痹，腰膝酸軟。,辛、苦，溫，有毒。,以條粗、皮厚、呈捲筒狀、無木心、香氣濃濁、味苦者為佳。,呈捲筒狀，少數為不規則卷片，厚2~4mm。外表面灰棕色或黃棕色，栓皮易鱗片狀剝落而現黃白色內皮；內表面淡黃色或紅棕色，有細縱紋。質脆，斷面不整齊，淡黃色。有特異香氣，味苦。
0356,Tuckahoe,茯苓,滲濕利水，健脾和胃，寧心安神。小便不利；水腫脹滿；痰飲咳逆；嘔吐；脾虛食少；泄瀉；心悸不安；失眠健忘；遺精白濁。,甘、淡，平。,以體重堅實、外皮棕褐色、皮紋細、無裂隙、斷面白色細膩、粘牙力強者為佳。,常見者為其菌核體。多為不規則的塊狀，球形、扁形、長圓形或長橢圓形等，大小不一，小者如拳，大者直徑達20~30cm，或更大。表皮淡灰棕色或黑褐色，呈瘤狀皺縮，內部白色稍帶粉紅，由無數菌絲組成。子實體傘形，直徑0.5~2mm，口緣稍有齒；有性世代不易見到，蜂窩狀，通常附菌核的外皮而生，初白色，後逐漸轉變為淡棕色，孔作多角形，擔子棒狀，擔孢子橢圓形至圓柱形，稍屈曲，一端尖，平滑，無色。有特殊臭氣。
0357,Japanese Climbing Fern Spore,海金沙,清利濕熱，通淋止痛。用於熱淋、砂淋、血淋、膏淋、尿道澀痛。,甘，寒。,以粒細、質輕、有光滑感者為佳。,孢子為細小，均勻的顆粒，多則聚成粉末狀.棕黃色或淡棕黃色。質輕，用手撚之有光滑感，置手掌中，可由指縫間滑落。在擴大鏡下觀察為大小均勻，近圓形或鈍三角形的四面體，三角錐狀的顆粒。頂面觀成三角錐形，並可見三叉狀裂隙，側面觀成三角形，並可見外壁顆粒狀細紋。
0358,Seaweed,海藻,軟堅散結，消痰，利水。用於癭瘤，瘰鬁、睾丸腫痛，痰飲水腫。,苦、鹹，寒。,以黑褐色、白霜少、枝嫩者為佳。,小葉海藻：較小，長15~40cm。分枝互生，無刺狀突起。葉條形或細匙形，先端稍膨大，中空。氣囊腋生，紡錘形或球形，囊柄較長。質較硬。
0359,Lucid Ganoderma,靈芝,補氣安神，止咳平喘。用於眩暈不眠，心悸氣短，虛勞咳喘。,甘，平。,以個大、肉厚、光澤明顯者為佳。,栽培靈芝：子實體較粗壯、肥厚，直徑12~22cm，厚1.5~4cm。皮殼外常被有大量粉塵樣的黃褐色孢子。
0360,Agaric,豬苓,利水滲濕。用於小便不利，水腫，泄瀉，淋濁，帶下。,甘、淡，平。,以個大、體結、質重、皮黑光亮、肉白、粉性足者為佳。,豬苓呈條形、類圓形或扁塊狀，有的有分枝，長5~25cm，直徑2~6cm。體輕，質硬，略呈顆粒狀。表面黑色、灰黑色或棕黑色，皺縮或有瘤狀突起，斷面類白色或黃白色。氣微，味淡。
0361,Kelp,昆布,軟堅散結，消痰，利水。用於癭瘤，瘰鬁，睾丸腫痛，痰飲水腫。,鹹，寒。,以片大、體侯、青綠色者為佳。,昆布：捲曲皺縮成不規則團狀。全體呈黑色，較薄。用水浸軟則膨脹呈扁平的葉狀，長寬約為16~26cm，厚約1.6mm；兩側呈羽狀深裂，裂片呈長舌狀，邊緣有小齒或全緣。質柔滑。
0362,Sinkiang Ferula,阿魏,消積，散痞，殺蟲。用於肉食積滯，瘀血徵瘕，腹中痞塊，蟲積腹痛。,苦、辛，溫。,以塊狀、敗蒜氣強烈、斷面乳白色或稍帶微紅澀者為佳。,該品為不規則的塊狀和脂膏狀。顏色深淺不一，表面蠟黃色至棕黃色。塊狀者體輕、質地似蠟，斷面稍有孔隙；新鮮切面顏色較淺，放置後色漸深。脂膏狀者粘稠，灰白色。具強烈而持久的蒜樣特異臭氣，味辛辣，嚼之有灼燒感。
0363,Beautiful Steetgum Resin,楓香脂,祛風活血；解毒止痛；止血；生肌。用於癰疽；瘡疹；瘰鬁；齒痛；痹痛；癱瘓；吐血；衄血；咯血；外傷出血；皮膚皸裂。,辛、苦，平。,以完整、半透明、氣香者為佳。,本品呈不規則塊狀，或呈類圓形顆粒狀，大小不等，直徑多在0.5~1cm之間，少數可達3cm。表面淡黃色至黃棕色，半透明或不透明。質脆易碎，破碎面具玻璃樣光澤。氣清香，燃燒時香氣更濃，味淡。
0364,Myrrh,沒藥,散血去瘀，消腫定痛。,辛、苦，平。,以塊大、色紅棕、半透明、香氣濃而持久、雜質少者為佳。,膠質沒藥：成不規則塊狀，多黏結成大小不等的團塊。表面深棕色或黃棕色，不透明；質堅實或疏鬆。味苦而有黏性。
0365,Frankincense,乳香,調氣活血，定痛，追毒。治氣血凝滯、心腹疼痛，癰瘡腫毒，跌打損傷，痛經，產後瘀血刺痛。,辛、苦，溫。,以淡黃色、顆粒狀、半透明、無砂石樹皮雜質、粉末粘手、氣芳香者為佳。,多呈小形乳頭狀、淚滴狀顆粒或不規則的小塊，長0.5~3cm，有時粘連成團塊。淡黃色，常帶輕微的綠色、藍色或棕紅色。半透明。表面有一層類白色粉塵，除去粉塵後，表面仍無光澤。質堅脆，斷面蠟樣，無光澤，亦有少數呈玻璃樣光澤。氣微芳香，味微苦。嚼之，初破碎成小塊，迅即軟化成膠塊，粘附牙齒，唾液成為乳狀，並微有香辣感。遇熱則變軟，燒之微有香氣 (但不應有松香氣)，冒黑煙，並遺留黑色殘渣。與少量水共研，能形成白色乳狀液。
0366,Dragon’s Blood,血竭,活血散瘀，定痛，止血生肌。,甘、咸，平。,以外色黑似鐵、研面紅似血、火燃嗆鼻者為佳。,乾燥樹脂呈不定形的塊狀物，大小不等，表面有溝紋及因布包而遺留的布紋，赤褐色或紫褐色。質硬而脆，斷面紫褐色至黑褐色，有玻璃樣光澤，有時有小孔。用火燃之，冒煙嗆鼻。研成粉末則呈鮮豔的深紅色。無香氣，味甘而鹹，嚼之砂樣。
0367,Chinese Blistering Beetle,斑蝥,破血消癓，攻毒蝕瘡。用於癓瘕腫塊，積年頑癬，瘰鬁，贅疣，癰疽不潰，惡瘡死肌。,辛，熱，有大毒。,以個大、完整、顏色鮮明、無敗油氣者為佳。,黃黑小斑蝥：體型較小，長1~1.5cm。
0368,Turtle Carapace,鱉甲,滋腎潛陽，軟堅散結。主治骨蒸勞熱、瘧母、脅下堅硬、腰痛，經閉症瘕等症。,鹹，寒。,以身乾、個大、無殘肉、潔淨者為佳。,為卵圓形或橢圓形的骨片，背部微隆起，前後端微向內捲曲。長約10~23cm，寬8~17cm，厚約5mm。背甲中央有不顯明的骨節隆起，兩側各有八條左右對稱的橫凹紋。背面為灰褐色並有皺褶及突起狀斑點。甲的邊緣呈齒狀，類白色。腹面灰白色，有骨隆起明顯，兩側對稱的肋各8條。質堅硬。臭微腥，味鹹。
0369,Dried Toads Venom,蟾酥,解毒，止痛，開竅醒神。用於癰疽疔瘡，咽喉腫痛，中暑神昏，腹痛吐瀉。,辛，溫，有毒。,以斷面角質樣、紅棕色、半透明而有光澤者為佳。,本品呈扁圓形團塊狀或片狀。棕褐色或紅棕色。團塊狀者質堅，不易折斷，斷面棕褐色，角質狀，微有光澤；片狀者質脆，易碎，斷面紅棕色，半透明。氣微腥，味初甜而後有持久的麻辣感，粉末嗅之作嚏
0370,Cicada Slough,蟬蛻,散風除熱，利咽，透疹，退翳，解痙。用於風熱感冒，咽痛，音啞，麻疹不透，風疹瘙癢，目赤翳障，驚風抽搐，破傷風。,甘，寒。,以體形完整、亮黃色者為佳。,全形似蟬而中空，稍彎曲。長約4cm，寬約2cm。表面黃棕色，半透明，有光澤。頭部有絲狀觸角1對，多已斷落，複眼突出，頸部先端突出，口吻發達，上唇寬短，下唇伸長成管狀。胸部背面呈十字形裂片，裂口向內捲曲，脊背兩旁具有小翅2對；腹面有足3對，被黃棕色細毛。腹部鈍圓，共9節。體輕，中空，易碎。無臭，味淡。
0371,Chinese Cera,蟲白蠟,止血，生肌，定痛。治金瘡出血，尿血、下血，瘡瘍久潰不斂，下疳。,甘，溫。,以色白、質硬、緻密而無氣泡。無敗油氣味者為佳。,整者多為圓形厚塊，一般已打碎成不規則塊狀，大小不一。白色，或微帶黃色，不透明或微透明；表面平滑或稍顯皺紋，有光澤，觸之有滑膩感。體輕，能浮於水面；質硬而稍脆，用手搓捏則粉碎。斷面不平正，呈針狀結晶形，或顯小顆粒狀，具玻璃樣光澤。有微弱的特異臭氣，味淡，嚼之如細沙樣。不溶于水、醚及氯仿中，可溶於苯及石油醚中。熔點80~83℃。
0372,Earthworm,地龍,清熱定驚，通絡，平喘，利尿。用於高熱神昏，驚癇抽搐，關節痹痛，肢體麻木，半身不遂，肺熱喘咳，尿少水腫，高血壓。,鹹，寒。,以條大、肉厚者為佳。,滬地龍：長8~15cm，寬0.5~1.5cm。全體具環節，背部棕褐色至黃褐色，腹部淺黃棕色；受精囊孔3對，在6/7至8/9環節間。第14~16環節為生殖帶，較光亮。第18環節有一對雄生殖孔。通俗環毛蚓的雄交配腔能全部翻出，呈花菜狀或陰莖狀；威廉環毛蚓的雄交配腔孔呈縱向裂縫狀；櫛盲環毛蚓的雄生殖孔內側有1或多個小乳突。
0373,Ass-hide Gelatin,阿膠,補血，止血，滋陰潤燥。,甘，平。,以色勻、質脆、半透明、斷面光亮者為佳。,正品阿膠為長方形或方形塊，質硬而脆，無油孔、氣孔及明顯刀紋。表面平滑有光澤，斷面對光照視呈棕色半透明狀，膠塊表面當以黃透如琥珀色，光黑如漆。氣微，味微甘。
0374,Giant Gecko,蛤蚧,補肺益腎，納氣平喘，助陽益精。,咸，平。,以背色青、起細鱗紋、頭體大完整、尾粗而長、五指不破碎者為佳。,該品呈扁片狀，頭頸部及軀幹部長9~18cm，頭頸部約占三分之一，腹背部寬6~11cm，尾長6~10cm。頭略呈扁三角狀，兩眼多凹陷成窟窿，口內有細齒，生於顎的邊緣，無異型大齒。吻部半圓形，吻鱗不切鼻孔，與鼻鱗相連，上鼻鱗左右各1片，上唇鱗12~14對，下唇鱗 (包括頦鱗) 21片。腹背部呈橢圓形，腹薄。背部呈灰黑色或銀灰色，有黃白色或灰綠色斑點散在或密集成不顯著的斑紋，脊椎骨及兩側肋骨突起。四足均具5趾；趾間僅具蹼跡，足趾底有吸盤。尾細而堅實，微現骨節，與背部顏色相同，有6~7個明顯的銀灰色環帶。全身密被圓形或多角形微有光澤的細鱗，氣腥，味微鹹。
0375,Clam Shell,蛤殼,清熱化痰，軟堅散結，制酸止痛。用於痰火咳嗽，胸脅疼痛，痰中帶血，瘰癘癭瘤，胃痛吞酸；外治濕疹，燙傷。,苦、鹹，寒。,以腹緣圓弧形、質堅硬者為佳。,青蛤：類圓形，殼頂突出，位於背側近中部。殼外面淡黃色或棕紅色，同心生長紋凸出殼面略呈環肋狀。殼內面白色或淡紅色，邊緣常帶紫色並有整齊的小齒紋，鉸合部左右兩殼均具主齒3個，無側齒。
0376,Tortose's Carapae and Plastron,龜甲,滋陰潛陽，益腎強骨，養血補心。用於陰虛潮熱，骨蒸盜汗，頭暈目眩虛風內動，筋骨痿軟，心虛健忘。,咸、甘，微寒。,以塊大、無殘肉、板有血跡者為佳。,該品背甲及腹甲由甲橋相連，背甲稍長於腹甲，與腹甲常分離。背甲呈長橢圓形拱狀，長7.5~22cm，寬6~18cm；外表面棕褐色或黑褐色，脊棱3條；頸盾1 塊，前窄後寬；椎盾5 塊，第1椎盾長大於寬或近相等，第2~4椎盾寬大於長；肋盾兩側對稱，各4塊，緣盾每側11塊，臀盾2塊。腹甲呈板片狀，近長方橢圓形，長6.4~21cm，寬5.5~17cm；外表面淡黃棕色至棕黑色，盾片12塊，每塊常具紫褐色放射狀紋理，腹盾、胸盾和股盾中縫均長，喉盾、肛盾次之，肱盾中縫最短；內表面黃白色至灰白色，有的略帶血跡或殘肉，除淨後可見骨板9 塊，呈鋸齒狀嵌接；前端鈍圓或平截，後端具三角形缺刻，兩側殘存呈翼狀向斜上方彎曲的甲橋。質堅硬。氣微腥，味微鹹。
0377,Kellogg’s Seahorse,海馬,溫腎壯陽，散結消腫。用於陽痿，遺尿，腎虛作喘，症瘕積聚，跌撲損傷；外治癰腫疔瘡。,甘，溫。,以體大、堅實、頭尾齊全者為佳。,小海馬 (海蛆) ：體形小，長7~10cm。黑褐色。節紋及短棘均較細小。
0378,Sepium,海螵蛸,收斂止血，澀精止帶，制酸，斂瘡。用於胃痛吞酸，吐血衄血，崩漏便血，遺精滑精，赤白帶下；潰瘍病。外治損傷出血，瘡多膿汁。,咸、澀，溫。,以潔淨色白者為佳。,金烏賊：長13~23cm，寬約至6.5cm。背面疣點明顯，略呈層狀排列；腹面的細密波狀橫層紋占全體大部分，中間有縱向淺槽；尾部角質緣漸寬，向腹面翹起，末端有1骨針，多已斷落。
0379,Stiff Silkworm,僵蠶,祛風定驚，化痰散結。用於驚風抽搐，咽喉腫痛，頜下淋巴結炎，面神經麻痹，皮膚瘙癢。,咸、辛，平。,以質硬、色白、條粗者為佳。,本品略呈圓柱形，多彎曲皺縮。長2~5cm，直徑0.5~0.7cm。表面灰黃色，被有白色粉霜狀的氣生菌絲和分生孢子。頭部較圓，足8對，體節明顯，尾部略呈二分歧狀。質硬而脆，易折斷，斷面平坦，外層白色，中間有亮棕色或亮黑色的絲腺環4個。氣微腥。味微鹹。
0380,Chicken's Gizzard-membrane,雞內金,健胃消食，澀精止遺。用於食積不消，嘔吐瀉痢，小兒疳積，遺尿，遺精。,甘，平。,以完整少破碎、黃色者為佳。,本品為不規則卷片，厚約2mm。表面黃色、黃綠色或黃褐色，薄而半透明，具明顯的條狀皺紋。質脆，易碎，斷面角質樣，有光澤。氣微腥，味微苦。
0381,Antelope Hom,羚羊角,平肝息風，清肝明目，散血解毒。用於高熱驚癇，神昏痙厥，子癇抽搐，癲癇發狂，頭痛眩暈，目赤翳障，溫毒發斑，癰腫瘡毒。,鹹，寒。,以質嫩、色白、光潤、內涵紅色斑紋且無裂紋者佳。,羚羊角縱片：為縱向條狀薄片，類白色或黃白色，表面光滑，半透明，有光澤。氣微，味淡。
0382,Hairy Antler Pilose Antler,鹿茸,壯腎陽，益精血，強筋骨，調沖任，托瘡毒。用於陽痿滑精，宮冷不孕，羸瘦，神疲，畏寒，眩暈耳鳴耳聾，腰脊冷痛，筋骨痿軟，崩漏帶下，陰疽不斂。,甘、咸，溫。,以粗壯、挺圓、頂端豐滿、毛細柔軟、色紅黃、皮色紅棕、有油潤光澤者為佳。,飲片多呈紅黃色或者紅棕色。
0383,Common Oyster Shell,牡蠣,重鎮安神，潛陽補陰，軟堅散結。用於驚悸失眠，眩暈耳鳴，瘰鬁痰核，症瘕痞塊。煆牡蠣收斂固澀。用於自汗盜汗，遺精崩帶，胃痛吞酸。,鹹，微寒。,以質堅、內面光潔、色白者為佳。,近江牡蠣：呈圓形、卵圓形或三角形等。右殼外面稍不平，有灰、紫、棕、黃等色，環生同心鱗片，幼體者鱗片薄而脆，多年生長後鱗片層層相疊，內面白色，邊緣有的淡紫色。
0384,Bezoar,牛黃,清心，豁痰，開竅，涼肝，息風，解毒。用於熱病神昏，中風痰迷，驚癇抽搐，癲癇發狂，咽喉腫痛，口舌生瘡，癰腫疔瘡。,甘，涼。,以完整鬆脆、棕黃色、斷面層紋清晰細膩者為佳。,該品多呈卵形、類球形、三角形或四方形等，大小不一，直徑0.6~3(4.5)cm，少數呈管狀或碎片。表面黃紅色至棕黃色，有的表面掛有一層黑色光亮的薄膜，有的粗糙，具疣狀突起，有的具龜裂紋。體輕，質酥脆，易分層剝落，斷面金黃色，可見細密的同心層紋，有的夾有白心。氣清香，味苦而後甘，有清涼感，嚼之易碎，不粘牙。
0385,Long-nosed Pit Viper,蘄蛇,祛風，通絡，止痙。用於風濕頑痹，麻木拘攣，中風口眼歪斜，半身不遂，抽搐痙攣，破傷風，麻風疥癬。,甘、咸，溫。,以條大、頭尾齊全、花紋斑塊明顯、內壁潔淨者為佳。,本品卷呈圓盤狀，盤經17~34cm，體長可達2m。頭在中間稍向上，呈三角形而扁平，吻端向上。上齶有管狀毒牙，中空尖銳。背部兩側各有黑褐色與淺棕色組成的“V”形斑紋17~25個，其“V”形的兩上端在背中線上相接，有的左右不相接，呈交錯排列。腹部撐開或不撐開，灰白色，鱗片較大，有黑色類圓形的斑點；腹內壁黃白色，脊椎骨的棘突較高，呈刀片狀上突，前後椎體下突基本同形，多為彎刀狀，向後傾斜，尖端明顯超過椎體後隆面。尾部驟細，末端有三角形深灰色的角質鱗片1枚。氣腥，味微鹹。
0386,Scorpion,全蠍,息風鎮痙，攻毒散結，通絡止痛。用於小兒驚風，抽搐痙攣，中風口歪，半身不遂，破傷風，風濕頑痹，偏正頭痛，瘡瘍，瘰鬁。,辛，平，有毒。,以體大、肥壯、尾全、不破碎、腹中雜物少者為佳。,該品頭胸部與前腹部呈扁平長橢圓形，後腹部呈尾狀，皺縮彎曲，完整者體長約6cm。頭胸部呈綠褐色，前面有1對短小的螯肢及1對較長大的鉗狀腳須，形似蟹螯，背面覆有梯形背甲，腹面有足4對，均為7節，末端各具2爪鉤；前腹部由 7節組成，第七節色深，背甲上有5 條隆脊線。背面綠褐色，後腹部棕黃色，6節，節上均有縱溝，末節有銳鉤狀毒刺，毒刺下方無距。氣微腥，味鹹。
0387,Mantis Egg-case,桑螵蛸,益腎固精，縮尿，止濁。用於遺精滑精，遺尿尿頻，小便白濁。,甘、咸，平。,以完整、色黃、體輕帶韌性、卵未孵出者為佳。,黑螵蛸：略呈平行四邊形，長2~4cm，寬1.5~2cm。表面灰褐色，上面帶狀隆起明顯，兩側有斜向紋理，近尾端微向上翹。質硬而韌。
0388,Snake Slough,蛇蛻,祛風，定驚，解毒，退翳。用於小兒驚風，抽搐痙攣，翳障，喉痹，疔腫，皮膚瘙癢。,甘、咸，平。,以完整者為佳。,本品呈圓筒形，多壓扁而皺縮，完整者形似蛇，長可達1m以上。背部銀灰色或淡灰棕色，有光澤，鱗跡菱形或橢圓形，銜接處呈白色，略抽皺或凹下；腹部乳白色或略顯黃色，鱗跡長方形，呈覆瓦狀排列。體輕，質微韌，手捏有潤滑感和彈性，輕輕搓揉，沙沙作響。氣微腥，味淡或微鹹。
0389,Abelmosk,麝香,開竅醒神，活血通經，消腫止痛。用於熱病神昏，中風痰厥，氣鬱暴厥中惡昏迷，經閉，癓瘕，難產死胎，心腹暴痛，癰腫瘰鬁，咽喉腫痛，跌撲傷痛，痹痛麻木。,辛，溫。,以飽滿、皮薄、有彈性、香氣濃者為佳。,麝香仁：野生者質軟，油潤，疏鬆；其中顆粒狀者習稱“當門子”，呈不規則圓球形或顆粒狀，表面多呈紫黑色，油潤光亮，微有麻紋，斷面深棕色或黃棕色；粉末狀者多呈棕褐色或黃棕色，並有少量脫落的內層皮膜和細毛。飼養者呈顆粒狀、短條形或不規則的團塊；表面不平，紫黑色或深棕色，顯油性，微有光澤，並有少量毛和脫落的內層皮膜。氣香濃烈而特異，味微辣、微苦帶鹹。
0390,Sea-ear Shell,石決明,平肝潛陽，清肝明目。用於頭痛眩暈，目赤翳障，視物昏花，青盲雀目。,鹹，寒。,以個大整齊、無破碎、殼厚、內面光彩鮮豔者為佳。,白鮑：呈卵圓形，長11~14cm，寬8.5~11cm，高3~6.5cm。表面磚紅色，光滑，殼頂高於殼面，生長線頗為明顯，螺旋部約為殼面的1/3，疣狀突起30餘個，末端9個開孔，孔口與殼平。
0391,Buffalo Horn,水牛角,清熱，涼血，定驚，解毒。治傷寒溫疫熱入血分，驚狂，煩躁，譫妄，斑疹，發黃，吐血，衄血，下血，癰疽腫毒。,苦、鹹，寒。,以紋理緻密者為佳。,形狀彎曲呈弧形，根部方形或略呈三角形，中空，一側表面有多數平行的凹紋，角端尖銳。色黑褐，質堅硬，剖面紋細而不顯，氣腥。一般多用其角尖部。
0392,Leech,水蛭,破血，逐瘀，通經。用於症瘕痞塊，血瘀經閉，跌撲損傷。,苦、咸，平。,以條整齊、體小、黑褐色、完整者為佳。,柳葉螞蟥：狹長而扁，長5~12cm，寬0.1~0.5cm。
0393,Ark Shell,瓦楞子,消痰化瘀，軟堅散結，制酸止痛。用於頑痰積結，黏稠難咯，癭瘤，瘰鬁，症瘕痞塊，胃痛泛酸。,咸，平。,以整齊，潔淨、無殘肉、無沙土者為佳。,魁蚶：長7~9cm，高6~8cm。殼外面放射肋42~48條。
0394,Centipede,蜈蚣,息風鎮痙，功毒散結，通絡止痛。用於小兒驚風，抽搐痙攣，中風口歪半身不遂，破傷風，風濕頑痹，瘡瘍，瘰鬁，毒蛇咬傷。,辛，溫，有毒。,以身乾、蟲體條長完整、頭紅身綠者為佳。,蜈蚣呈扁平長條形，長9~17cm，寬0.5~1cm。全體由22個環節組成，最後一節略細小。頭部兩節暗紅色，有觸角及毒鉤各1對；背部棕綠色或墨綠色，有光澤，並有縱棱2條；腹部淡黃色或棕黃色，皺縮；自第二節起每體節有腳1對，生於兩側，黃色或紅褐色，彎作鉤形。質脆，斷面有裂隙。氣微腥，並有特殊刺鼻的臭氣，味辛而微鹹。
0395,Black Soake,烏梢蛇,祛風，通絡，止痙。用於風濕頑痹，麻木拘攣，中風口眼歪斜，半身不遂，抽搐痙攣，破傷風，麻風疥癬，瘰鬁惡瘡。,甘，平。,以身乾、皮黑褐色、肉黃白色、脊背有棱、質堅實者為佳。,該品呈圓盤狀，盤徑約16cm。表面黑褐色或綠黑色，密被菱形鱗片；背鱗行數成雙，背中央2~4行鱗片強烈起棱，形成兩條縱貫全體的黑線。頭盤在中間，扁圓形，眼大而下凹陷，有光澤。上唇鱗8枚，第4、5枚入眶，頰鱗1枚，眼前下鱗1枚，較小，眼後鱗2枚。脊部高聳成屋脊狀，俗稱劍脊。腹部剖開邊緣向內捲曲，脊肌肉厚，黃白色或淡棕色，可見排列整齊的肋骨。尾部漸細而長。尾下鱗雙行。剝皮者僅留頭尾之皮鱗，中段較光滑。氣腥，味淡。
0396,Ground Beetle,土鼈蟲,破瘀血，續筋骨。用於筋骨折傷，瘀血經閉，症瘕痞塊。,鹹，寒。,以身完整、體肥、紫褐色者為佳。,冀地鱉：長2.2~3.7cm，寬1.4~2.5cm。背部黑棕色，通常在邊緣帶有淡黃褐色斑塊及黑色小點。
0397,Nacre,珍珠母,平肝潛陽，定驚明目。用於頭痛眩暈，煩躁失眠，肝熱目赤，肝虛目昏。,鹹，寒。,以塊大、色白、有“珠光”者為佳。,馬氏珍珠貝：呈斜四方形，後耳大，前耳小，背緣平直，腹緣圓，生長線極細密，成片狀。閉殼肌痕大，長形，具一凸起的長形主齒。平滑。質脆，折斷時成粉屑或小片狀，半透明。臭微，味淡。
0398,Little Multibanded Krait,金錢白花蛇,祛風，通絡，止痙。用於風濕頑痹，麻木拘攣，中風口眼喎斜，半身不遂，抽搐痙攣，破傷風，麻風疥癬，瘰鬁惡瘡。,甘、咸，溫；有毒。,以完整，蛇幼小者為佳。,本品呈圓盤狀，盤徑3~6cm，蛇體直徑0.2~0.4cm。頭盤在中間。尾細，常納口內，口腔內上領骨前端有毒溝牙1對，鼻間鱗2片，無頰鱗，上下唇鱗通常各為7片。背部黑色或灰黑色，有白色環紋45~58個，黑白相間，白環紋在背部寬1~2行鱗片，向腹面漸增寬，黑環紋寬3~5行鱗片，背正中明顯突起一條脊棱，背鱗擴大呈六角形，背鱗細密，通身15行，尾下鱗單行。氣微腥。味微鹹。
0399,Alum,白礬,解毒殺蟲，燥濕止癢；內用止血，止瀉，化痰。主治：中風；癲癇；喉痹；疥癬濕瘡；癰疽腫毒；水火燙傷；口舌生瘡；爛弦風眼；聤耳流膿；鼻中瘜肉；瘡痔疼痛；崩漏；衄血；損傷出血；久瀉久痢；帶下陰癢；脫肛；子宮下垂等。,酸、澀，寒，有毒。,以塊大、無色透明、無雜質者為佳。,白礬屬三方晶系。晶形呈細小的菱面體或板狀，通常為緻密塊狀、細粒狀、土狀等。顏色為無色、白色，常帶淡黃及淡紅等色。條痕白色。光澤玻璃狀，解理面上有時微帶珍珠光，塊狀者光澤暗淡或微帶蠟狀光澤。透明至半透明。斷口晶體者呈貝狀；塊體者呈多片狀、參差狀，有時土狀。硬度3.5~4。比重2.6~2.8。性脆。
0400,Magnetite,磁石,平肝潛陽；安神鎮驚；聰耳明目；納氣平喘。主眩暈；目花；耳聾；耳鳴；驚悸；失眠，腎虛喘逆。,鹹，寒。,以斷面緻密有光澤、灰黑色、能吸鐵者為佳。,晶體呈八面體、十二面體。晶面有條紋。多為粒塊狀集合體。鐵黑色，或具暗藍靛色。條痕黑，半金屬光澤。不透明。無解理。斷口不平坦。硬度5.5~6.5。密度5.16~5.18g/cm3。具強磁性。性脆。無臭，無味。
0401,Talc,滑石,利尿通淋，清熱解暑，祛濕斂瘡。用於熱淋，石淋，尿熱澀痛，暑濕煩渴，濕熱水瀉；外治濕疹，濕瘡，痱子。,甘、淡，寒。,以滑潤、色白者為佳。,本品多為塊狀集合體。呈不規則的塊狀。白色、黃白色或淡藍灰色，有蠟樣光澤。質軟細膩，手摸有滑潤感，無吸濕性，置水中不崩散。無臭，無味。
0402,Mica Schist,金礞石,墜痰下氣，平肝鎮驚。用於頑痰膠結，咳逆喘急，癲癇發狂，煩躁胸悶驚風抽搐。,甘、咸，平。,以金黃色、塊整、無雜質者為佳。,鱗片狀集合體。呈不規則塊狀或碎片，碎片直徑、塊狀者直徑2~10cm，厚0.6~1.5cm，無明顯棱角。棕黃色或黃褐色，帶有金黃色或銀白色光澤。質脆，用手撚之，易碎成金黃色閃光小片。具滑膩感。氣徽，味淡。
0403,Calamine,爐甘石,解毒明目退翳，收濕止癢斂瘡。用於目赤腫痛，眼緣赤爛，翳膜胬肉，潰瘍不斂，膿水淋漓，濕瘡，皮膚瘙癢。,甘，平。,以質松、體輕、色白者為佳。,本品性狀為塊狀集合體，呈不規則的塊狀，灰白色或淡紅色。表麵粉性無光澤，凹凸不平，多孔，似蜂窩狀。體輕，易碎。無臭，味微澀。
0404,Glauber’s Salt,芒硝,破痞，溫中，消食，逐水，緩瀉。用於胃脘痞，食痞，消化不良，浮腫水腫，乳腫，閉經，便秘。,鹹、苦，寒。,以條塊狀結晶、無色透明者為佳。,單斜晶系，晶體呈短柱狀或針狀；通常成緻密塊狀、纖維狀集合體。無色或白色，玻璃光澤，具完全的板面解理，莫氏硬度1.5~2，比重1.48。味清涼略苦咸，極易潮解，在乾燥的空氣中逐漸失去水分而轉變為白色粉末狀的無水芒硝。本品為棱柱狀、長方形或不規則塊狀及粒狀。無色透明或類白色半透明。質脆，易碎，斷面呈下班樣光澤。無臭，味鹹。
0405,Biotite Schist,青礞石,墜痰下氣，平肝鎮驚。治頑痰膠結，咳逆喘急，癲癇發狂，煩躁胸悶，驚風抽搐。多入丸散服。,咸、甘，平。,以有星點、灰綠色者為佳。,為鱗片狀或片狀集合體。呈不規則扁塊狀或長斜塊狀，無明顯棱角。褐黑色或綠黑色，具玻璃樣光澤。質軟，易碎，斷面呈較明顯的層片狀。碎粉主為綠黑色鱗片 (黑雲母)，有似星點樣的閃光。氣微。味淡。
0406,Red Orpiment,雄黃,解毒殺蟲，燥濕祛痰，截瘧。用於癰腫疔瘡，蛇蟲咬傷，蟲積腹痛，驚癇，瘧疾。,辛，溫，有毒。,以塊大、紅色、質鬆脆為佳。,) 和砷華，不溶于水和鹽酸，可溶於硝酸，溶液呈黃色。
0407,Weathered Sodium Sulfate,玄明粉,瀉熱通便；軟堅散結；清熱解毒；清肺解暑；消積和胃。主治實熱積滯；大便不通；目赤腫痛；咽腫口瘡；癰疽腫毒。,辛、鹹，寒。,以粉細、色白、乾燥者為佳。,本品為細的粉末。白色，無光澤。不透明。質疏鬆。無臭，味鹹。有強濕性。
0408,Hematite,赭石,平肝潛陽，降逆，止血。用於眩暈耳鳴，嘔吐，噫氣，呃逆，喘息，吐血，衄血，崩漏下血。,苦，寒。,以紅棕色、斷面層紋明顯、有“釘頭”、無雜質者為佳。,本品為鮞狀、豆狀、腎狀集合體，多呈不規則的扁平塊狀。暗棕紅色或灰黑色，條痕櫻紅色或紅棕色，有的有金屬光澤。一面多有圓形的突起，習稱“釘頭”；另一面與突起相對應處有同樣大小的凹窩。體重，質硬，砸碎後斷面顯層疊狀。氣微，味淡。
0409,Cinnabar,朱砂,清心鎮驚，安神解毒，用於心悸易驚，失眠多夢，癲癇發狂，小兒驚風視物昏花，口瘡，喉痹，瘡瘍腫毒。,甘，微寒，有小毒。,以色鮮紅、有光澤、體重、質脆者為佳。,三方晶系。為粒狀或塊狀集合體，呈顆粒狀或塊片狀。鮮紅色或暗紅色條痕紅色至褐紅色，具光澤。有平行的完全解理。斷口呈半貝殼狀或參差狀。硬度2~2.5。比重8.09~8.2。體重，質脆，片狀者易破碎，粉末狀者有閃爍的光澤，無味。金剛、半金屬、暗淡光澤。其中呈細小顆粒或粉末狀，色紅明亮，觸之不染手者，習稱“朱寶砂”；呈不規則板片狀、斜方形或長條形，大小厚薄不一，邊緣不整齊，色紅而鮮豔，光亮如鏡面而為透明，質較鬆脆者，習稱“鏡面砂”；方塊較大，方圓形或多角形，色發暗或呈灰褐色，質重而堅，不易碎者習稱“豆瓣砂”。
0410,Pyrite,自然銅,散瘀，接骨，止痛。用於跌打腫痛，筋骨折傷。多入丸散服；外用研末調敷。,辛，平。,以塊整齊、色黃而光亮、斷面有金屬光澤者為佳。,該品多呈六方體，粒徑0.2~2.5cm，有棱，亮淡黃色；條痕綠黑色或棕紅色。表面平滑，有時可見細紋理。不透明；具金屬光澤。體重，質堅硬而脆，易砸碎，斷面黃白色，有金屬光澤。無嗅，無味，但燒之具硫黃氣。
0411,Fluorite,紫石英,鎮心，安神，降逆氣，暖子宮。治虛勞驚悸，咳逆上氣，婦女血海虛寒不孕。,甘，溫。,以色紫、質堅、具玻璃光澤且無雜質者為佳。,本品為塊狀或粒狀集合體，呈不規則塊狀，具棱角。紫色或綠色，深淺不勻；條痕白色。半透明至透明，玻璃樣光澤。表面不平滑，常有裂紋。質堅脆，易擊碎。無臭，味淡。
0412,Gypsum,石膏,清熱瀉火，除煩止渴。用於外感熱病，高熱煩渴。肺熱喘咳，胃火亢盛，頭痛，牙痛。,甘、辛，大寒。,以色白，體重，質軟。縱斷面具絹絲樣光澤者為佳。,本品為纖維狀的集合體，呈長塊狀、板塊狀或不規則塊狀。白色、灰白色或淡黃色，有的半透明。體重，質軟。縱斷面具絹絲樣光澤。氣微，味淡。
0413,Natural Indigo,青黛,清熱，涼血消斑，解毒，清肝瀉火，定驚。主治溫病熱盛，斑疹，吐血咯血，小兒驚癇，瘡腫，丹毒，蛇蟲咬傷。,鹹，寒。,以藍色均勻、能浮於水面、火燒產生紫紅色煙霧時間較長者為佳。,本品為極細的粉末，灰藍色或深藍色，質輕，易飛揚，可粘手粘紙。具草腥氣，味微酸。
0414,Chinese Caterpillar Fungus,冬蟲夏草,補肺益腎，止血化痰。,甘，平。,以蟲體豐滿肥大、完整、外色黃亮、斷面白色、子座短者為佳。,本品蟲體似蠶，長3~5cm，直徑3~8mm；外表黃棕色至土黃色，粗糙，環紋明顯。頭部紅棕色，長有子座；胸腹部深黃色至黃棕色，胸節3，胸足3對，腹節10，腹足5對，中部4對明顯；表面有環節20~30個；質脆，斷面淡黃色。子座細長圓柱形，稍扭曲，一般比蟲體長，表面灰棕色至棕褐色，有細縱皺紋，頭部稍膨大；質柔韌，斷面類白色，似纖維狀。氣微腥，味微苦。
0415,Synthetic Borneol,冰片,開竅醒神，清熱止痛。用於熱病神昏、痙厥，中風痰厥，氣鬱暴厥，中惡昏迷，目赤，口瘡，咽喉腫痛，耳道流膿。,辛、苦，微寒。,以片大、色潔白、質鬆脆、氣清香者為佳。,梅花冰片：為半透明似梅花瓣塊狀、片狀的結晶體，故稱“梅片”；直徑0.1~0.7cm，厚約0.1cm類白色至淡灰棕色，氣清香，味清涼，嚼之慢慢溶化。燃燒時無黑煙或微有黑煙。
0416,Black Catechu,兒茶,收濕生肌斂瘡。用於潰瘍不斂，濕疹，口瘡，跌撲傷痛，外傷出血。,辛、澀，微寒。,以黑色略帶棕色、不糊不碎、嘗之澀者為佳。,本品呈方形或不規則塊狀，大小不一。表面棕褐色或黑褐色，光滑而稍有光澤。質硬，易碎，斷面不整齊，具光澤，有細孔，遇潮有黏性。無臭，味澀、苦，略回甜。
0417,Aloes,蘆薈,清肝熱，通便。用於便秘，小兒疳積，驚風；外治濕癬。,苦，寒。,以墨綠色、有光澤、質脆、氣濃者為佳。,好望角蘆薈：表面呈暗褐色，略顯綠色，有光澤。體輕，質松，易碎，斷面玻璃樣而有層紋。
0418,Tabasheer,天竺黃,清熱豁痰，涼心定驚。用於熱病神昏，中風痰迷，小兒痰熱驚癇、抽搐、夜啼。,甘，寒。,以塊大、灰白色、體輕質硬、吸濕力強者為佳。,本品為不規則的片塊或顆粒，大小不一。表面灰藍色、灰黃色或灰白色，有的潔白色，半透明，略帶光澤。體輕，質硬而脆，易破碎，吸濕性強。無臭，味淡。
0419,Chinese Nut-gall,五倍子,斂肺；止汗；澀腸；固精；止血；解毒。主治肺虛久咳；自汗盜汗；久痢久瀉；脫肛；遺精；白濁；各種出血；癰腫瘡癤。,酸、澀，寒。,以個大、完整、壁厚、灰褐色者為佳。,肚倍：呈長圓形或紡錘形囊狀，長2.5~9cm，直徑1.5~4cm。表面灰褐色或灰棕色，微有柔毛。質硬而脆，易破碎，斷面角質樣，有光澤，壁厚0.2~0.3cm，內壁平滑，有黑褐色死蚜蟲及灰色粉狀排泄物。氣物異，味澀。
0420,Persimmon Calyx and Receptacle,柿蒂,降逆下氣。用於呃逆。,苦、澀，平。,以個大而厚、質硬、色黃褐者為佳。,呈橢圓形或卵圓形，具5條縱棱，偶有4~9棱，長2.5~4cm，直徑約2cm。表面黑褐色至紫黑色，平滑，微具光澤。頂端狹尖，基部鈍圓，有明顯圓形的果梗痕。質堅硬，橫切面多呈五角星形，棱角處殼較厚，中間呈類圓形空腔。種子長橢圓形或紡錘形，長約2cm，直徑約1cm；表面棕褐色或黑褐色，有多數縱皺紋；種皮薄，易剝離；子葉2，黃白色，有油性，斷面有裂紋。微香，味微甜。
0421,Tambac,沉香,行氣止痛，溫中止嘔，納氣平喘。用於胸腹脹悶疼痛，胃寒嘔吐呃逆，腎虛氣逆喘急。,辛、苦，微溫。,以體重、色棕黑油潤，燃之有油滲出、香氣濃烈者為佳。,該品為不規則的塊狀、片狀或盔帽狀，有的為小碎塊。質較堅實。氣芳香，苦味。燃燒時有濃烈的香氣，並有黑色油狀物滲出。
